id,name,year,era,governor,grantee,acres,leagues,county,land_case,outcome,patent_to,patent_date,patent_acres,glo_patent_no,scotus_cite,bancroft_scan_url,portal_url,mapped,docket_relation
rancho-san-gabriel,San Gabriel,1845,pico,Pio Pico,Jose Ledesma,22,,,SD 063,Confirmed,Jose Ledesma,"June 20, 1871",22.21,453,,https://digicoll.lib.berkeley.edu/record/266098,https://ranchos.archivesofcalifornia.com/r/rancho-san-gabriel.html,yes,sole
rancho-tres-ojos-agua,Tres Ojos De Agua,1844,micheltorena,Micheltorena,N. Dodero,176,,Santa Cruz,SD 285,Confirmed,Nicolas Dodero,"June 7, 1866",176.03,211,,https://digicoll.lib.berkeley.edu/record/268912,https://ranchos.archivesofcalifornia.com/r/rancho-tres-ojos-agua.html,yes,sole
rancho-san-gabriel-1,San Gabriel,1845,pico,Pio Pico,F. Sales,19,,,SD 094,Confirmed,Francisco Sales,"June 20, 1871",19.43,450,,https://digicoll.lib.berkeley.edu/record/267522,https://ranchos.archivesofcalifornia.com/r/rancho-san-gabriel-1.html,yes,sole
rancho-unnamed,Unnamed grant (SD 058),1845,pico,Pío Pico,José Domingo,22,,,SD 058,Confirmed,Jose Domingo,"Aug. 23, 1871",22.34,453,,https://digicoll.lib.berkeley.edu/record/267521,https://ranchos.archivesofcalifornia.com/r/rancho-unnamed.html,yes,sole
rancho-alcatraz,Alcatraz,1843,micheltorena,Micheltorena,J. Y. Limantour,365,1,,ND 429,Rejected,,,,,,https://digicoll.lib.berkeley.edu/record/266041,https://ranchos.archivesofcalifornia.com/r/rancho-alcatraz.html,yes,sole
rancho-san-gabriel-2,San Gabriel,1845,pico,Pio Pico,Ramon Valencia et al,49,,,SD 139,Confirmed,Juana P. de Courtney,"June 20, 1871",49.29,415,,https://digicoll.lib.berkeley.edu/record/267526,https://ranchos.archivesofcalifornia.com/r/rancho-san-gabriel-2.html,yes,sole
rancho-unnamed-1,"500 varas by 250, near San Gabriel",1843,micheltorena,Micheltorena,Manuel Dolivera,22,,,SD 134,Confirmed,,,,449,,https://digicoll.lib.berkeley.edu/record/265873,https://ranchos.archivesofcalifornia.com/r/rancho-unnamed-1.html,yes,sole
rancho-san-gabriel-3,San Gabriel,1843,micheltorena,Micheltorena,Manuel Dolivera,22,,,SD 136,Confirmed,Juan Silvas,"Nov. 3, 1910",22.09,,,https://digicoll.lib.berkeley.edu/record/265875,https://ranchos.archivesofcalifornia.com/r/rancho-san-gabriel-3.html,yes,sole
rancho-camaritas,Las Camaritas,1840,alvarado,Alvarado,Jose de Jesus Noe,19,,San Francisco,ND 387,Confirmed,Ferdinand Vassault,"Dec. 18, 1882",18.57,543,,https://digicoll.lib.berkeley.edu/record/264237,https://ranchos.archivesofcalifornia.com/r/rancho-camaritas.html,yes,sole
rancho-san-gabriel-4,San Gabriel,1846,pico,Pio Pico,Simeon,30,,,SD 095,Confirmed,"Simeon, an Indian","Dec. 27, 1876",30.45,451,,https://digicoll.lib.berkeley.edu/record/267523,https://ranchos.archivesofcalifornia.com/r/rancho-san-gabriel-4.html,yes,sole
rancho-prospero,Prospero,1843,micheltorena,Micheltorena,Prospero Valenzuela,24,,,SD 135,Confirmed,Rafaela Valenzuela et al,"Dec. 4, 1875",23.63,419,,https://digicoll.lib.berkeley.edu/record/265874,https://ranchos.archivesofcalifornia.com/r/rancho-prospero.html,yes,sole
rancho-san-gabriel-5,San Gabriel,1842,alvarado,Alvarado,Vicente de la Osa,48,,,SD 259,Confirmed,Daniel Sexton,"May 16, 1871",48.13,452,,https://digicoll.lib.berkeley.edu/record/267600,https://ranchos.archivesofcalifornia.com/r/rancho-san-gabriel-5.html,yes,sole
rancho-mesa-ojo-agua,Mesa De Ojo De Agua,1833,unattributed,Jose Sanchez,Apolinario Miranda,2,,,ND 401,Confirmed,the heirs of Apolinario Miranda,"Apl. 28, 1877",1.77,159,,https://digicoll.lib.berkeley.edu/record/264248,https://ranchos.archivesofcalifornia.com/r/rancho-mesa-ojo-agua.html,yes,sole
rancho-san-gabriel-6,San Gabriel,1845,pico,Pio Pico,M. White,73,,,SD 132,Confirmed,Michael White,"Aug. 26, 1871",73.23,420,,https://digicoll.lib.berkeley.edu/record/265871,https://ranchos.archivesofcalifornia.com/r/rancho-san-gabriel-6.html,yes,sole
rancho-potrero-rincon-san-pedro-reglado,Potrero Y Rincon De San Pedro De Reglado,1842,unattributed,Jose E. Estrada (Prefect); Jose Jimeno,Jose R. Buelna; Jose Arana,176,,,SD 383,Confirmed,,"June 18, 1859",,213,,https://digicoll.lib.berkeley.edu/record/269002,https://ranchos.archivesofcalifornia.com/r/rancho-potrero-rincon-san-pedro-reglado.html,yes,sole
rancho-potrero-chico,Potrero Chico,1844,micheltorena,Micheltorena,J. Alvitre and A. Valenzuela,100,,,SD 062,Confirmed,Antonio Valenzuela and Juan Alvitre,"Apl. 1, 1923",83.46,444,,https://digicoll.lib.berkeley.edu/record/266097,https://ranchos.archivesofcalifornia.com/r/rancho-potrero-chico.html,yes,sole
rancho-unnamed-2,Huerta de Cuati,1838,alvarado,Alvarado,"Victoria Reid, an",128,,,SD 171,Confirmed,Victoria Reid,"June 30, 1859",128.26,421,,https://digicoll.lib.berkeley.edu/record/266129,https://ranchos.archivesofcalifornia.com/r/rancho-unnamed-2.html,yes,sole
rancho-ranchita-santa-fe,Ranchita De Santa Fe,1842,alvarado,Alvarado,Victor Linares,165,,San Luis Obispo,SD 011,Confirmed,Michaela Linares et al,"Aug. 9, 1866",165.76,334,,https://digicoll.lib.berkeley.edu/record/266052,https://ranchos.archivesofcalifornia.com/r/rancho-ranchita-santa-fe.html,yes,sole
rancho-huerta-romualdo,Huerta De Romualdo,1842,alvarado,J. B. Alvarado; Pio Pico,Romaldo,117,one-tenth,San Luis Obispo,SD 261,Confirmed,Juan Wilson,"Apl. 13, 1871",117.13,330,,https://digicoll.lib.berkeley.edu/record/267602,https://ranchos.archivesofcalifornia.com/r/rancho-huerta-romualdo.html,yes,sole
rancho-lac,Lac,1844,micheltorena,Micheltorena,Damoso Rodriguez,176,,,ND 230,Confirmed,Jacob P. Leese,"Aug. 6, 1872",176.58,69,,https://digicoll.lib.berkeley.edu/record/256564,https://ranchos.archivesofcalifornia.com/r/rancho-lac.html,yes,sole
rancho-tres-ojos-agua-1,Tres Ojos De Agua,1844,micheltorena,Micheltorena,Nicolás Dodero,,,Santa Cruz,SD 397,Confirmed,,"June 7, 1866",,211,,https://digicoll.lib.berkeley.edu/record/269014,https://ranchos.archivesofcalifornia.com/r/rancho-tres-ojos-agua-1.html,yes,sole
rancho-san-gabriel-7,San Gabriel,1841,alvarado,Jimeno,Jose Maria Ramirez,179,,,SD 235,Confirmed,Daniel Sexton,"May 16, 1871",179.60,452,,https://digicoll.lib.berkeley.edu/record/267576,https://ranchos.archivesofcalifornia.com/r/rancho-san-gabriel-7.html,yes,sole
rancho-embarcadero-santa-clara,Embarcadero De Santa Clara,1845,pico,Pío Pico,Barcelia Bernal,196,,,ND 220,Confirmed,Barcelia Bernal,"Oct. 28, 1936",196.25,142,,https://digicoll.lib.berkeley.edu/record/265812,https://ranchos.archivesofcalifornia.com/r/rancho-embarcadero-santa-clara.html,yes,sole
rancho-unnamed-3,Potreros de San Juan Capistrano,1845,pico,Pio Pico,J. Foster,1167,,,SD 337,Confirmed,Juan Forster,"June 20, 1866","1,167.74",494,,https://digicoll.lib.berkeley.edu/record/268960,https://ranchos.archivesofcalifornia.com/r/rancho-unnamed-3.html,yes,primary
rancho-san-pascual,San Pascual (Wilson),1838,figueroa,Juan B. Alvarado,Juan Gallardo,708,,Los Angeles,SD 248,Confirmed,Benjamin D. Wilson,"Feb. 12, 1881",708.57,422,,https://digicoll.lib.berkeley.edu/record/267589,https://ranchos.archivesofcalifornia.com/r/rancho-san-pascual.html,yes,sole
rancho-laurelles,Los Laurelles (Ransom),1844,micheltorena,Micheltorena,Jose Agricia,718,,,SD 187,Confirmed,Leander Ransom,"Apl. 18, 1871",718.23,285,,https://digicoll.lib.berkeley.edu/record/267534,https://ranchos.archivesofcalifornia.com/r/rancho-laurelles.html,yes,sole
rancho-nogales,Los Nogales,1840,alvarado,Alvarado,Jose de la Cruz Linares,1003,1,Los Angeles,SD 088,Confirmed,Maria de Jesus Garcia et al,"June 29, 1882","1,003.67",459,,https://digicoll.lib.berkeley.edu/record/265835,https://ranchos.archivesofcalifornia.com/r/rancho-nogales.html,yes,sole
rancho-not-determined,Unnamed grant (ND 143),1845,micheltorena,Micheltorena,Francisco Garcia,710,,,ND 143,Confirmed,James Enright,"May 1, 1866",710.14,177,,https://digicoll.lib.berkeley.edu/record/265503,https://ranchos.archivesofcalifornia.com/r/rancho-not-determined.html,yes,sole
rancho-potrero-pinos,Potrero Los Pinos,1845,pico,Pio Pico,J. Foster,1167,,Orange,SD 337,Confirmed,Juan Forster,"June 20, 1866","1,167.74",494,,https://digicoll.lib.berkeley.edu/record/268960,https://ranchos.archivesofcalifornia.com/r/rancho-potrero-pinos.html,yes,share_of_grant
rancho-tucho,El Tucho,1841,alvarado,Alvarado,Simeon Castro,112,,,SD 296,Confirmed,the heirs of Simeon Castro,"July 30, 1867",112.83,,,https://digicoll.lib.berkeley.edu/record/268922,https://ranchos.archivesofcalifornia.com/r/rancho-tucho.html,yes,sole
rancho-unnamed-4,Potreros de San Juan Capistrano,1845,pico,Pio Pico,J. Foster,1167,,,SD 337,Confirmed,Juan Forster,"June 20, 1866","1,167.74",494,,https://digicoll.lib.berkeley.edu/record/268960,https://ranchos.archivesofcalifornia.com/r/rancho-unnamed-4.html,yes,duplicate
rancho-buena-vista,Buena Vista,1845,pico,Pio Pico,Felipe,1184,one-half,,SD 166,Confirmed,Jesus Machado,"May 6, 1897","1,184.89",518,,https://digicoll.lib.berkeley.edu/record/267529,https://ranchos.archivesofcalifornia.com/r/rancho-buena-vista.html,yes,sole
rancho-angel-island,Angel Island,1839,alvarado,Alvarado,Antonio Maria Osio,729,,,ND 208,Rejected,,,,,23 Howard 273,https://digicoll.lib.berkeley.edu/record/265801,https://ranchos.archivesofcalifornia.com/r/rancho-angel-island.html,yes,sole
rancho-escorpion,El Escorpion,1845,pico,Pio Pico,U. Odon and Manuel,1109,1.5,Los Angeles,SD 129,Confirmed,"Urbano, Odon, and Manuel (Indians)","Dec. 11, 1876","1,109.65",409,,https://digicoll.lib.berkeley.edu/record/267524,https://ranchos.archivesofcalifornia.com/r/rancho-escorpion.html,yes,sole
rancho-canada-nogales,Canada De Los Nogales,1844,micheltorena,Micheltorena,J. M. Aguila,1199,one-half,Los Angeles,SD 023,Confirmed,Jose M. Aguilar,"May 4, 1882","1,199.56",546,,https://digicoll.lib.berkeley.edu/record/266063,https://ranchos.archivesofcalifornia.com/r/rancho-canada-nogales.html,yes,sole
rancho-soulajule,Soulajule (Cornwall),1844,micheltorena,Micheltorena,Jose Ramon Mesa,919,,Marin,ND 328,Confirmed,George N. Cornwell,"Jan. 18, 1879",919.18,31,,https://digicoll.lib.berkeley.edu/record/256655,https://ranchos.archivesofcalifornia.com/r/rancho-soulajule.html,yes,sole
rancho-posolmi,Posolmi,1844,micheltorena,Micheltorena,Lope Inigo,847,,Santa Clara,ND 410,Confirmed,,"Jan. 18, 1881",,145,,https://digicoll.lib.berkeley.edu/record/264257,https://ranchos.archivesofcalifornia.com/r/rancho-posolmi.html,yes,sole
rancho-soulajule-1,Soulajule (Watkins),1844,micheltorena,Micheltorena,Jose Ramon Mesa,1446,,Marin,ND 352,Confirmed,Luis D. Watkins,"Jan. 18, 1879","1,446.79",31,,https://digicoll.lib.berkeley.edu/record/264189,https://ranchos.archivesofcalifornia.com/r/rancho-soulajule-1.html,yes,sole
rancho-canada-guadalupe,Canada De Guadalupe,1841,alvarado,Alvarado,Jacob P. Leese,700,,,ND 237,Confirmed,William Pierce,"Sept. 22, 1865",942.93,152,,https://digicoll.lib.berkeley.edu/record/256571,https://ranchos.archivesofcalifornia.com/r/rancho-canada-guadalupe.html,yes,sole
rancho-san-joaquin,San Joaquin,1836,interim,Gutierrez,Cruz Cervantes,7424,1,,ND 003,Confirmed,Cruz Cervantes,"Jan. 6, 1874","7,424.69",232,,https://digicoll.lib.berkeley.edu/record/266037,https://ranchos.archivesofcalifornia.com/r/rancho-san-joaquin.html,yes,sole
rancho-carneros,Los Carneros (Mcdougal),1842,alvarado,Alvarado,Maria Antonia Linares,1628,1,Monterey,SD 384,Confirmed,Frederick A. McDougall et al,"Mar. 17, 1862","1,628.79",246,,https://digicoll.lib.berkeley.edu/record/269003,https://ranchos.archivesofcalifornia.com/r/rancho-carneros.html,yes,sole
rancho-shoquel,Shoquel,1833,figueroa,Jose Figueroa,M. Castro,1668,,,ND 295,Confirmed,Martina Castro,"Mar. 19, 1860","1,668.02",215,,https://digicoll.lib.berkeley.edu/record/256624,https://ranchos.archivesofcalifornia.com/r/rancho-shoquel.html,yes,sole
rancho-little-temecula,Little Temecula,1845,pico,Pío Pico,Pablo Apis,2233,,Riverside,SD 055,Confirmed,Maria Antonia Apis et al,"Jan. 8, 1873","2,233.42",491,,https://digicoll.lib.berkeley.edu/record/266092,https://ranchos.archivesofcalifornia.com/r/rancho-little-temecula.html,yes,sole
rancho-monte-cabestros,Monte De Los Cabestros,1840,alvarado,Alvarado,Esteben Espinoza,1106,one-fourth,,SD 298,Confirmed,Henry Cocks,"Aug. 8, 1870","1,106.03",262,,https://digicoll.lib.berkeley.edu/record/268924,https://ranchos.archivesofcalifornia.com/r/rancho-monte-cabestros.html,yes,sole
rancho-cuca,Cuca,1845,pico,Pío Pico,"María Juana de los Angeles, an",2174,,San Diego,SD 251,Confirmed,Maria Juana de los Angeles,"July 22, 1878","2,174.52",538,,https://digicoll.lib.berkeley.edu/record/267592,https://ranchos.archivesofcalifornia.com/r/rancho-cuca.html,yes,sole
rancho-canada-carpenteria,Canada De La Carpenteria,1835,interim,Jose Castro,J. Soto,2236,one-half,Monterey,SD 198,Confirmed,the heirs of Joaquin Soto,"Oct. 10, 1873","2,236.13",243,,https://digicoll.lib.berkeley.edu/record/267542,https://ranchos.archivesofcalifornia.com/r/rancho-canada-carpenteria.html,yes,sole
rancho-guajome,Guajome,1845,pico,Pío Pico,Andres and Jose Manuel,2219,,San Diego,SD 145,Confirmed,"Andres, Solme, and Catarina","Sept. 7, 1871","2,219.41",519,,https://digicoll.lib.berkeley.edu/record/267527,https://ranchos.archivesofcalifornia.com/r/rancho-guajome.html,yes,sole
rancho-mallacomes-moristul,Mallacomes Or Moristul,1843,micheltorena,Micheltorena,Jose de los Santos Berreyesa,280,,Napa,ND 375,Confirmed,Martin E. Cook and Rufus Ingalls,"Feb. 18, 1859","2,559.94",60,,https://digicoll.lib.berkeley.edu/record/264211,https://ranchos.archivesofcalifornia.com/r/rancho-mallacomes-moristul.html,yes,sole
rancho-arroyo-rodeo,Arroyo Del Rodeo,1834,figueroa,Jose Figueroa,Francisco Rodriguez,1473,one by one-fourth,Santa Cruz,SD 307,Confirmed,Juan Hames and Juan Daubenbiss,"May 3, 1882","1,473.04",214,,https://digicoll.lib.berkeley.edu/record/268933,https://ranchos.archivesofcalifornia.com/r/rancho-arroyo-rodeo.html,yes,sole
rancho-cienega-o-paso-tijera,Cienega O Paso De La Tijera,1844,micheltorena,Micheltorena,Ygnacio Machado,2219,0.5,Los Angeles,SD 125,Confirmed,Bruno Abila,"Aug. 23, 1872","2,219.26",437,,https://digicoll.lib.berkeley.edu/record/265865,https://ranchos.archivesofcalifornia.com/r/rancho-cienega-o-paso-tijera.html,yes,sole
rancho-soulajule-2,Soulajule (Brackett),1844,micheltorena,Micheltorena,Jose Ramon Mesa,2492,,Marin,ND 329,Confirmed,Joshua S. Brackett,"Jan. 18, 1879","2,492.19",31,,https://digicoll.lib.berkeley.edu/record/256656,https://ranchos.archivesofcalifornia.com/r/rancho-soulajule-2.html,yes,sole
rancho-unnamed-5,Potrero de Felipe Lugo,1845,pico,Pio Pico,Teodoro Romero et al,2042,,,SD 033,Confirmed,George Morillo and Maria V. Romero,"June 15, 1871","2,042.81",446,,https://digicoll.lib.berkeley.edu/record/266072,https://ranchos.archivesofcalifornia.com/r/rancho-unnamed-5.html,yes,sole
rancho-san-francisquito,San Francisquito,1835,interim,Jose Castro,Catalina Manzaneli de Munras,8813,2,,SD 247,Confirmed,Jose Abrego et al,"June 9, 1862","8,813.50",287,,https://digicoll.lib.berkeley.edu/record/267588,https://ranchos.archivesofcalifornia.com/r/rancho-san-francisquito.html,yes,sole
rancho-potrero-santa-clara,El Potrero De Santa Clara,1844,micheltorena,Micheltorena,James Alexander Forbes,1939,1,Santa Clara,ND 077,Confirmed,Robert F. Stockton,"Dec. 30, 1861","1,939.03",,,https://digicoll.lib.berkeley.edu/record/264460,https://ranchos.archivesofcalifornia.com/r/rancho-potrero-santa-clara.html,yes,sole
rancho-saucito,Saucito,1833,figueroa,Jose Figueroa,Graciano Manjares,2211,one by one-half,Monterey,SD 099,Confirmed,"John Wilson, Josiah H. Swain, and George C. Harris","Oct. 7, 1862","2,211.65",277,,https://digicoll.lib.berkeley.edu/record/265843,https://ranchos.archivesofcalifornia.com/r/rancho-saucito.html,yes,sole
rancho-laguna-calabasas,Laguna De Las Calabasas,1833,figueroa,Jose Figueroa,Felipe Hernandez,2304,,,SD 293,Patented,Francisco Hernandez et al,"Dec. 8, 1868","2,304.75",217,,https://digicoll.lib.berkeley.edu/record/268920,https://ranchos.archivesofcalifornia.com/r/rancho-laguna-calabasas.html,yes,sole
rancho-zayanta,Zayanta,1841,alvarado,Figueroa; Alvarado,Joseph L. Majors,2658,,,ND 342,Confirmed,Isaac Graham et al,"Aug. 19, 1870","2,658.21",203,,https://digicoll.lib.berkeley.edu/record/264179,https://ranchos.archivesofcalifornia.com/r/rancho-zayanta.html,yes,sole
rancho-pasa-bartolo,Pasa De Bartolo,1835,figueroa,Jose Figueroa,Juan Crispin Perez,8991,2,,SD 087,Confirmed,,,,464,,https://digicoll.lib.berkeley.edu/record/265834,https://ranchos.archivesofcalifornia.com/r/rancho-pasa-bartolo.html,yes,unresolved
rancho-laguna-seca,Laguna Seca,1833,figueroa,Figueroa,Catalina M. de Munras,2179,,Monterey,SD 016,Confirmed,Catalina M. de Munras,"Nov. 24, 1865","2,179.50",276,,https://digicoll.lib.berkeley.edu/record/266057,https://ranchos.archivesofcalifornia.com/r/rancho-laguna-seca.html,yes,sole
rancho-rincon-esteros,Rincon De Los Esteros (Berryessa),1838,alvarado,Alvarado,Ygnacio Alviso,1844,,Santa Clara,ND 239,Confirmed,Francisco Berreyesa et al,"July 26, 1873","1,844.54",140,,https://digicoll.lib.berkeley.edu/record/256573,https://ranchos.archivesofcalifornia.com/r/rancho-rincon-esteros.html,yes,sole
rancho-coches,Los Coches,1844,micheltorena,Micheltorena,Roberto,2219,1/2,,ND 289,Confirmed,"Antonio Su\u00f1ol, Paula Su\u00f1ol de Sainsevain, and Henry M. Naglee","Dec. 31, 1857","2,219.34",186,,https://digicoll.lib.berkeley.edu/record/264167,https://ranchos.archivesofcalifornia.com/r/rancho-coches.html,yes,sole
rancho-soulejule,Soulejule (Gormley),1844,micheltorena,Micheltorena,Jose Ramon Mesa,2266,,,ND 334,Confirmed,Martin F. Gormley,"Jan. 18, 1879","2,266.25",31,,https://digicoll.lib.berkeley.edu/record/264171,https://ranchos.archivesofcalifornia.com/r/rancho-soulejule.html,yes,sole
rancho-positas-calera,Las Positas Y La Calera,1843,micheltorena,Micheltorena,Narciso Fabrigat,3281,,Santa Barbara,SD 184,Confirmed,Thomas W. Hope,"June 10, 1870","3,281.70",385,,https://digicoll.lib.berkeley.edu/record/267532,https://ranchos.archivesofcalifornia.com/r/rancho-positas-calera.html,yes,sole
rancho-acalanes,Acalanes,1834,figueroa,Jose Figueroa,Candelario Valencia,3328,1,Contra Costa,ND 031,Confirmed,Elam Brown,"May 18, 1858","3,328.95",124,,https://digicoll.lib.berkeley.edu/record/264418,https://ranchos.archivesofcalifornia.com/r/rancho-acalanes.html,yes,sole
rancho-chorro,El Chorro,1845,pico,Pio Pico,Diego Scott and Juan Wilson,3166,1,San Luis Obispo,SD 025,Confirmed,John Wilson,"Mar. 29, 1861","3,166.99",328,,https://digicoll.lib.berkeley.edu/record/266065,https://ranchos.archivesofcalifornia.com/r/rancho-chorro.html,yes,sole
rancho-rinconada-arroyo-san-francisquito,Rinconada Del Arroyo De San Francisquito,1841,alvarado,Alvarado,María Antonia Mesa,2229,,Santa Clara,ND 129,Confirmed,Maria Antonia Mesa,"July 26, 1872","2,229.84",147,,https://digicoll.lib.berkeley.edu/record/265489,https://ranchos.archivesofcalifornia.com/r/rancho-rinconada-arroyo-san-francisquito.html,yes,sole
rancho-rincon-carneros,Rincon De Los Carneros,1836,interim,Mariano Chico,Nicolas Higuera,335,,,ND 365,Confirmed,Edward Wilson,"Apl. 8, 1881",335.28,,,https://digicoll.lib.berkeley.edu/record/264202,https://ranchos.archivesofcalifornia.com/r/rancho-rincon-carneros.html,yes,sole
rancho-potrero-san-luis-obispo,Potrero De San Luis Obispo,1842,alvarado,Alvarado,M. C. Boronda,3506,1,San Luis Obispo,SD 304,Confirmed,Maria Concepcion Boronda,"July 1, 1870","3,506.33",329,,https://digicoll.lib.berkeley.edu/record/268930,https://ranchos.archivesofcalifornia.com/r/rancho-potrero-san-luis-obispo.html,yes,sole
rancho-cienega-o-paso-tijera-1,Cienega O Paso De La Tijera,1843,micheltorena,Micheltorena,Vicente Sanchez,4481,6/7 of 1,Los Angeles,SD 376,Confirmed,,,,436,,https://digicoll.lib.berkeley.edu/record/102023,https://ranchos.archivesofcalifornia.com/r/rancho-cienega-o-paso-tijera-1.html,yes,sole
rancho-rincon-esteros-1,Rincon De Los Esteros (Alviso),1838,alvarado,Alvarado,Ygnacio Alviso,2200,,Santa Clara,ND 204,Confirmed,Rafael Alviso et al,"July 29, 1872","2,200.19",141,,https://digicoll.lib.berkeley.edu/record/265797,https://ranchos.archivesofcalifornia.com/r/rancho-rincon-esteros-1.html,yes,sole
rancho-tajauta,Tajauta,1843,micheltorena,Micheltorena,Anastasio Abila,3559,1,Los Angeles,SD 167,Confirmed,Enrique Abila,"Jan. 8, 1873","3,559.86",441,,https://digicoll.lib.berkeley.edu/record/266125,https://ranchos.archivesofcalifornia.com/r/rancho-tajauta.html,yes,sole
rancho-zaca,La Zaca,1838,alvarado,Alvarado,María Antonio de la Guerra Lataillade,4458,,Santa Barbara,SD 241,Confirmed,Maria Antonia de la Guerra y Lataillade,"Aug. 23, 1876","4,458.10",361,,https://digicoll.lib.berkeley.edu/record/267582,https://ranchos.archivesofcalifornia.com/r/rancho-zaca.html,yes,sole
rancho-rincon-sanjon,Rincon De Sanjon,1840,alvarado,Alvarado,E. Boronda,2229,1½,Monterey,SD 244,Confirmed,Jose Eusebio Boronda,"July 30, 1860","2,229.70",261,,https://digicoll.lib.berkeley.edu/record/267585,https://ranchos.archivesofcalifornia.com/r/rancho-rincon-sanjon.html,yes,sole
rancho-providencia,Providencia,1843,micheltorena,Micheltorena,Vicente de la Osa,4064,1,Los Angeles,SD 030,Confirmed,David W. Alexander and Francis Mellus,"Aug. 6, 1872","4,064.33",424,,https://digicoll.lib.berkeley.edu/record/266069,https://ranchos.archivesofcalifornia.com/r/rancho-providencia.html,yes,sole
rancho-carbonera,La Carbonera,1838,alvarado,Alvarado,William Bocle,2224,1/2,Santa Cruz,ND 255,Confirmed,William Bocle,"July 7, 1873","2,224.79",209,,https://digicoll.lib.berkeley.edu/record/256587,https://ranchos.archivesofcalifornia.com/r/rancho-carbonera.html,yes,sole
rancho-soulajule-3,Soulajule (Vasquez),1844,micheltorena,Micheltorena,Jose Ramon Mesa,3774,,Marin,ND 331,Confirmed,Pedro J. Vasquez,"Jan. 18, 1879","3,774.20",31,,https://digicoll.lib.berkeley.edu/record/264168,https://ranchos.archivesofcalifornia.com/r/rancho-soulajule-3.html,yes,sole
rancho-encinitos,Los Encinitos,1842,alvarado,Alvarado,A. Ybarra,4431,1,,SD 228,Confirmed,Andres Ybarra,"Apl. 18, 1871","4,431.03",522,,https://digicoll.lib.berkeley.edu/record/267569,https://ranchos.archivesofcalifornia.com/r/rancho-encinitos.html,yes,sole
rancho-laguna,Laguna,1844,micheltorena,Micheltorena,Bishop S. Alemany,35499,,San Luis Obispo,SD 388,Confirmed,Bishop Joseph S. Alemany,"Feb. 28, 1861","35,499.37",363,,https://digicoll.lib.berkeley.edu/record/269007,https://ranchos.archivesofcalifornia.com/r/rancho-laguna.html,yes,share_of_grant
rancho-jota,La Jota,1843,micheltorena,Micheltorena,George C. Yount,4453,,Napa,ND 034,Confirmed,George C. Yount,"Dec. 18, 1857","4,453.84",80,,https://digicoll.lib.berkeley.edu/record/264421,https://ranchos.archivesofcalifornia.com/r/rancho-jota.html,yes,sole
rancho-ulistac,Ulistac,1845,pico,Pío Pico,Jacob D. Hoppe,2217,,Santa Clara,ND 323,Confirmed,the heirs of Jacob D. Hoppe,"Oct. 12, 1868","2,217.09",143,,https://digicoll.lib.berkeley.edu/record/256650,https://ranchos.archivesofcalifornia.com/r/rancho-ulistac.html,yes,sole
rancho-tract-near-san-juan-bautista,Unnamed grant (SD 325),1839,alvarado,Alvarado,Manuel Larios,4493,,Santa Clara,SD 325,Confirmed,Manuel Larios,"Aug. 8, 1870","4,493.00",247,,https://digicoll.lib.berkeley.edu/record/268948,https://ranchos.archivesofcalifornia.com/r/rancho-tract-near-san-juan-bautista.html,yes,sole
rancho-san-jose-buenos-ayres,San Jose De Buenos Ayres,1843,micheltorena,Manuel Micheltorena,Maximo Alanis,4438,,Los Angeles,SD 305,Confirmed,Benjamin D. Wilson,"July 25, 1866","4,438.69",431,,https://digicoll.lib.berkeley.edu/record/268931,https://ranchos.archivesofcalifornia.com/r/rancho-san-jose-buenos-ayres.html,yes,sole
rancho-san-luisito,San Luisito,1841,alvarado,Alvarado,Guadalupe Cantua,4389,,San Luis Obispo,SD 026,Confirmed,Guadalupe Cantua,"May 18, 1860","4,389.56",327,,https://digicoll.lib.berkeley.edu/record/266066,https://ranchos.archivesofcalifornia.com/r/rancho-san-luisito.html,yes,sole
rancho-san-ramon-norris,San Ramon {Norris},1834,figueroa,Jose Figueroa,Jose Maria Amador,4450,1,Contra Costa,ND 287,Confirmed,Leo Norris,"July 3, 1882","4,450.94",117,,https://digicoll.lib.berkeley.edu/record/256618,https://ranchos.archivesofcalifornia.com/r/rancho-san-ramon-norris.html,yes,sole
rancho-san-antonio-rodeo-aguas,San Antonio Or Rodeo De Las Aguas,1838,alvarado,Alvarado,María Rita Valdez,4449,,Los Angeles,SD 371,Confirmed,Maria Rita Valdez,"June 27, 1871","4,449.31",430,,https://digicoll.lib.berkeley.edu/record/256665,https://ranchos.archivesofcalifornia.com/r/rancho-san-antonio-rodeo-aguas.html,yes,sole
rancho-cienegas,Las Cienegas,1822,micheltorena,Micheltorena,Francisco Abila,4439,1,Los Angeles,SD 353,Confirmed,Januario Abila et al,"June 15, 1871","4,439.05",428,,https://digicoll.lib.berkeley.edu/record/268975,https://ranchos.archivesofcalifornia.com/r/rancho-cienegas.html,yes,sole
rancho-san-miguel,San Miguel,1845,pico,Pio Pico,Jose de Jesus Noe,4443,1,,ND 006,Confirmed,José de Jesús Noe,"Mar. 30, 1857","4,443.38",154,,https://digicoll.lib.berkeley.edu/record/264399,https://ranchos.archivesofcalifornia.com/r/rancho-san-miguel.html,yes,sole
rancho-rincon-bueyes,Rincon De Los Bueyes,1821,spanish,Jose de la Guerra y Noriega,Bernardo Higuera,3127,0.6,Los Angeles,SD 131,Confirmed,Francisco Higuera et al,"Aug. 27, 1872","3,127.89",435,,https://digicoll.lib.berkeley.edu/record/265870,https://ranchos.archivesofcalifornia.com/r/rancho-rincon-bueyes.html,yes,sole
rancho-atascadero,Atascadero,1842,alvarado,Alvarado,Trifon Garcia,4348,1,San Luis Obispo,SD 113,Confirmed,Henry Haight,"June 18, 1860","4,348.23",317,,https://digicoll.lib.berkeley.edu/record/265854,https://ranchos.archivesofcalifornia.com/r/rancho-atascadero.html,yes,sole
rancho-arroyo-grande,Arroyo Grande,1842,alvarado,Alvarado,Zeferino Carlon,4437,,San Luis Obispo,SD 075,Confirmed,Francisco Branch,"Apl. 10, 1867","4,437.29",339,,https://digicoll.lib.berkeley.edu/record/265824,https://ranchos.archivesofcalifornia.com/r/rancho-arroyo-grande.html,yes,sole
rancho-san-ysidro,San Ysidro (Gilroy),1833,figueroa,Figueroa,Maria Clara Ortega,4460,,Santa Clara,ND 216,Confirmed,John Gilroy and Julian,"Martin Sept. 27, 1867","4,460.67",228,,https://digicoll.lib.berkeley.edu/record/265808,https://ranchos.archivesofcalifornia.com/r/rancho-san-ysidro.html,yes,sole
rancho-azusa,Azusa (Dalton),1841,alvarado,Alvarado; Luis Arenas; Jimeno,Ignacio Palomares and Ricardo Vejar; Luis Arenas,4431,3,Los Angeles,SD 121,Confirmed,Henry Dalton,"May 29, 1876","4,431.47",456,,https://digicoll.lib.berkeley.edu/record/265862,https://ranchos.archivesofcalifornia.com/r/rancho-azusa.html,yes,sole
rancho-merced,La Merced,1844,micheltorena,Micheltorena,Casilda Soto,2363,1,Los Angeles,SD 217,Confirmed,F.P.F Temple et al,"Feb. 13, 1872","2,363.75",443,,https://digicoll.lib.berkeley.edu/record/267560,https://ranchos.archivesofcalifornia.com/r/rancho-merced.html,yes,sole
rancho-otay,Otay (Dominguez),1829,echeandia,Jose M. Echeandia,J. A. Estudillo,4437,1,San Diego,SD 226,Confirmed,Victoria Dominguez et al,"June 13, 1872","4,437.16",530,,https://digicoll.lib.berkeley.edu/record/267567,https://ranchos.archivesofcalifornia.com/r/rancho-otay.html,yes,sole
rancho-san-ysidro-1,San Ysidro (Ortega),1833,figueroa,Jose Figueroa,Q. Ortega,4438,1,Santa Clara,ND 163,Confirmed,Quintin Ortega,"Oct. 22, 1868","4,438.65",229,,https://digicoll.lib.berkeley.edu/record/265523,https://ranchos.archivesofcalifornia.com/r/rancho-san-ysidro-1.html,yes,sole
rancho-punta-pinos,Punta De Pinos,1833,micheltorena,Jose Figueroa; Micheltorena,Jose Maria Armenta; Jose Abrego,2666,,Monterey,SD 169,Confirmed,Henry de Graw et al,"Nov. 19, 1880","2,666.51",279,,https://digicoll.lib.berkeley.edu/record/266127,https://ranchos.archivesofcalifornia.com/r/rancho-punta-pinos.html,yes,sole
rancho-canada-corte-madera,Canada Del Corte De Madera,1833,figueroa,Figueroa,José Domingo Peralta,3565,,San Mateo,ND 395,Confirmed,Cipriano Thurn and H. W. Carpentier,"June 13, 1882","3,565.91",551,,https://digicoll.lib.berkeley.edu/record/264243,https://ranchos.archivesofcalifornia.com/r/rancho-canada-corte-madera.html,yes,sole
rancho-san-vicente,San Vicente (Berreyesa),1842,alvarado,Alvarado,Jose Reyes Berreyesa,4438,,,ND 363,Confirmed,Maria Z. Berreyesa et al,"June 24, 1868","4,438.36",195,23 Howard 499,https://digicoll.lib.berkeley.edu/record/264200,https://ranchos.archivesofcalifornia.com/r/rancho-san-vicente.html,yes,sole
rancho-milpitas,Milpitas (Alviso),1835,interim,the interim government,José María Alviso,4457,,Santa Clara,ND 037,Confirmed,the heirs of José María Alviso,"June 30, 1871","4,457.66",138,,https://digicoll.lib.berkeley.edu/record/264424,https://ranchos.archivesofcalifornia.com/r/rancho-milpitas.html,yes,sole
rancho-potrero-grande,Potrero Grande,1845,pico,Pio Pico,Manuel Antonio,4431,1,Los Angeles,SD 243,Confirmed,Juan M. Sanchez,"July 19, 1859","4,431.95",445,,https://digicoll.lib.berkeley.edu/record/267584,https://ranchos.archivesofcalifornia.com/r/rancho-potrero-grande.html,yes,sole
rancho-rincon-brea,Rincon De La Brea,1841,alvarado,Alvarado,G. Ybarra,4452,1,Los Angeles,SD 085,Confirmed,Gil Ybarra,"Nov. 14, 1864","4,452.59",461,,https://digicoll.lib.berkeley.edu/record/265832,https://ranchos.archivesofcalifornia.com/r/rancho-rincon-brea.html,yes,sole
rancho-san-jose-addition,San Jose Addition,1840,alvarado,Alvarado,"R. Vejar, Ignacio Palomares and Luis Arenas",22340,,Los Angeles,SD 128,Confirmed,"Henry Dalton, Ignacio Palomares, and Ricardo Vijar","Jan. 20, 1875","22,340.41",458,,https://digicoll.lib.berkeley.edu/record/265868,https://ranchos.archivesofcalifornia.com/r/rancho-san-jose-addition.html,yes,sole
rancho-san-antonio-pescadero,San Antonio Or Pescadero,1833,figueroa,Jose Figueroa,J. J. Gonzales,3282,three-fourths,,ND 104,Confirmed,Juan Jose Gonzales,"June 7, 1866","3,282.22",190,22 How. 161,https://digicoll.lib.berkeley.edu/record/265464,https://ranchos.archivesofcalifornia.com/r/rancho-san-antonio-pescadero.html,yes,sole
rancho-gatos-santa-rita,Los Gatos Or Santa Rita,1837,alvarado,Alvarado,Jose Trinidad Espinosa,4424,,Monterey,SD 276,Confirmed,Domingo Perez et al,"Apl. 4, 1870","4,424.46",253,,https://digicoll.lib.berkeley.edu/record/268903,https://ranchos.archivesofcalifornia.com/r/rancho-gatos-santa-rita.html,yes,sole
rancho-goleta,La Goleta,1846,pico,Pío Pico,Daniel (Antonio) Hill,4426,,Santa Barbara,SD 252,Confirmed,Daniel Hill,"Mar. 10, 1865","4,426.10",382,,https://digicoll.lib.berkeley.edu/record/267593,https://ranchos.archivesofcalifornia.com/r/rancho-goleta.html,yes,sole
rancho-noche-buena,Noche Buena,1835,interim,Jose Castro,Juan Antonio Munoz,4411,1,Monterey,SD 237,Confirmed,Jose and Jaime de Puig Monmany,"Oct. 7, 1862","4,411.46",278,,https://digicoll.lib.berkeley.edu/record/267578,https://ranchos.archivesofcalifornia.com/r/rancho-noche-buena.html,yes,sole
rancho-purisima-concepcion,La Purisima Concepcion,1840,alvarado,Alvarado,Jose Gorgonio and his son Jose Ramon,4438,,Santa Clara,ND 130,Confirmed,Juana Briones,"Aug. 15, 1871","4,438.94",175,,https://digicoll.lib.berkeley.edu/record/265490,https://ranchos.archivesofcalifornia.com/r/rancho-purisima-concepcion.html,yes,sole
rancho-james-meadows,James Meadows,1840,alvarado,Alvarado,Antonio Romero,4591,,Monterey,SD 159,Confirmed,James Meadows,"Aug. 9, 1866","4,591.71",284,,https://digicoll.lib.berkeley.edu/record/266119,https://ranchos.archivesofcalifornia.com/r/rancho-james-meadows.html,yes,sole
rancho-chamisal,El Chamisal,1835,interim,Jose Castro,F. Vasquez,2737,1,Monterey,SD 222,Patented,the heirs of Felipe Vasquez,"Mar. 20, 1877","2,737.44",536,,https://digicoll.lib.berkeley.edu/record/267563,https://ranchos.archivesofcalifornia.com/r/rancho-chamisal.html,yes,sole
rancho-aguajit,Aguajit,1835,figueroa,Jose Figueroa,G. Tapia,3322,one-half,,SD 323,Confirmed,Gregorio Tapia,"Mar. 19, 1868","3,322.56",282,,https://digicoll.lib.berkeley.edu/record/268946,https://ranchos.archivesofcalifornia.com/r/rancho-aguajit.html,yes,sole
rancho-tularcitos,Tularcitos (Higuera),1821,spanish,a Spanish governor,Jose Higuera,4384,,Santa Clara,ND 228,Confirmed,the heirs of Jos\u00e9 Higuera,"July 8, 1870","4,384.35",137,5 Wall. 827,https://digicoll.lib.berkeley.edu/record/256562,https://ranchos.archivesofcalifornia.com/r/rancho-tularcitos.html,yes,sole
rancho-corral-tierra,Corral De Tierra (Vasquez),1839,alvarado,Jimeno,T. Vasquez,4436,1,,ND 167,Confirmed,Tiburcio Vasquez,"Jan. 6, 1873","4,436.18",166,,https://digicoll.lib.berkeley.edu/record/265527,https://ranchos.archivesofcalifornia.com/r/rancho-corral-tierra.html,yes,sole
rancho-canada-segunda,Canada De La Segunda,1839,alvarado,Alvarado,Lazaro Soto,4366,1,Monterey,SD 356,Confirmed,Fletcher M. Haight,"Feb. 4, 1859","4,366.80",283,,https://digicoll.lib.berkeley.edu/record/268978,https://ranchos.archivesofcalifornia.com/r/rancho-canada-segunda.html,yes,sole
rancho-brea,La Brea,1828,echeandia,Echeandía,"José Rocha, José J. Rocha, and Josefa de la Merced de Jordan",4439,,Los Angeles,SD 287,Confirmed,AJ Rocha et al,"Apl. 15, 1873","4,439.07",429,,https://digicoll.lib.berkeley.edu/record/268914,https://ranchos.archivesofcalifornia.com/r/rancho-brea.html,yes,sole
rancho-san-augustin,San Augustin,1841,alvarado,Alvarado,Juan Jose Crisostomo Mayor,4436,1,,ND 180,Confirmed,Joseph L. Majors,"July 25, 1866","4,436.78",202,,https://digicoll.lib.berkeley.edu/record/265781,https://ranchos.archivesofcalifornia.com/r/rancho-san-augustin.html,yes,sole
rancho-potrero-san-carlos,El Potrero De San Carlos,1837,alvarado,Alvarado,Fructuoso del Real,4306,,Monterey,SD 333,Confirmed,"Joaquin Gutierrez and Maria Estefana, daughter of Fructuoso del Real","June 9, 1862","4,306.98",286,,https://digicoll.lib.berkeley.edu/record/268956,https://ranchos.archivesofcalifornia.com/r/rancho-potrero-san-carlos.html,yes,sole
rancho-corral-tierra-1,Corral De La Tierra (Mccobb),1836,interim,Nicolas Gutierrez,Guadalupe Figueroa,4434,,Monterey,SD 359,Confirmed,Henry D. McCobb,"Jan. 21, 1876","4,434.77",290,,https://digicoll.lib.berkeley.edu/record/268981,https://ranchos.archivesofcalifornia.com/r/rancho-corral-tierra-1.html,yes,sole
rancho-alisal,El Alisal (Hartnell),1834,figueroa,Figueroa,W. E. P. Hartnell,2971,,Monterey,SD 254,Confirmed,Maria Teresa de la Guerra de Hartnell,"Feb. 15, 1882","2,971.26",267,,https://digicoll.lib.berkeley.edu/record/267595,https://ranchos.archivesofcalifornia.com/r/rancho-alisal.html,yes,sole
rancho-canada-herrera,Canada De Herrera,1839,alvarado,Alvarado,Domingo Saenz (Sais),6658,,Marin,ND 065,Confirmed,the legal representatives and heirs of Domingo Sais,"June 26, 1876","6,658.45",40,,https://digicoll.lib.berkeley.edu/record/264449,https://ranchos.archivesofcalifornia.com/r/rancho-canada-herrera.html,yes,sole
rancho-san-benito,San Benito,1842,alvarado,Alvarado,Francisco Garcia,6671,1½,,SD 068,Confirmed,James Watson,"Sept. 6, 1869","6,671.08",303,,https://digicoll.lib.berkeley.edu/record/265818,https://ranchos.archivesofcalifornia.com/r/rancho-san-benito.html,yes,sole
rancho-arroya-laguna,Arroya De La Laguna,1839,alvarado,Alvarado,Gil Sanchez,4418,1,,ND 345,Confirmed,James and Squire Williams,"Feb. 21, 1881","4,418.10",540,,https://digicoll.lib.berkeley.edu/record/264182,https://ranchos.archivesofcalifornia.com/r/rancho-arroya-laguna.html,yes,sole
rancho-tract-between-san-jacinto-san-gorgonio,Between San Jacinto And San Gorgonio,1843,micheltorena,Micheltorena,Santiago Johnson,4439,,Riverside,SD 269,Confirmed,Louis Roubideau,"Aug. 13, 1872","4,439.57",488,,https://digicoll.lib.berkeley.edu/record/267610,https://ranchos.archivesofcalifornia.com/r/rancho-tract-between-san-jacinto-san-gorgonio.html,yes,sole
rancho-san-miguel-1,San Miguel,1841,alvarado,Alvarado,Raimundo Olivas and Felipe Lorenzana,4693,,,SD 065,Confirmed,Raimundo Olivas and Felipe Lorenzana,"Mar. 21, 1873","4,693.91",394,,https://digicoll.lib.berkeley.edu/record/266100,https://ranchos.archivesofcalifornia.com/r/rancho-san-miguel-1.html,yes,sole
rancho-laguna-merced,Laguna De La Merced,1835,interim,the interim government,Jose Antonio Galindo,2219,,San Mateo,ND 380,Confirmed,Josefa de Haro et al,"Sept. 16, 1872","2,219.33",163,,https://digicoll.lib.berkeley.edu/record/264231,https://ranchos.archivesofcalifornia.com/r/rancho-laguna-merced.html,yes,sole
rancho-miramontes,Miramontes,1841,alvarado,Alvarado,C. Miramontes,4424,1,San Mateo,ND 269,Confirmed,Vicente Miramontes et al,"Feb. 21, 1882","4,424.12",169,,https://digicoll.lib.berkeley.edu/record/256601,https://ranchos.archivesofcalifornia.com/r/rancho-miramontes.html,yes,sole
rancho-vega-rio-pajaro,Vega Del Rio Del Pajaro,1820,spanish,a Spanish governor,Antonio Maria Castro,4310,,Monterey,SD 245,Confirmed,Frederick A. McDougall et al,"Jan. 18, 1864","4,310.29",222,,https://digicoll.lib.berkeley.edu/record/267586,https://ranchos.archivesofcalifornia.com/r/rancho-vega-rio-pajaro.html,yes,sole
rancho-entre-napa,Entre Napa,1836,interim,Chico,Nicolás Higuera,4439,,Napa,,Confirmed,,,,,,,https://ranchos.archivesofcalifornia.com/r/rancho-entre-napa.html,yes,sole
rancho-otay-1,Otay (Estudillo),1846,pico,Pio Pico,M. Estudillo,6657,2,San Diego,SD 066,Confirmed,Magdelena Estudillo,"Jan. 20, 1872","6,657.98",529,,https://digicoll.lib.berkeley.edu/record/266101,https://ranchos.archivesofcalifornia.com/r/rancho-otay-1.html,yes,sole
rancho-laureles,Los Laureles,1839,alvarado,Alvarado,Jose M. Boronda and Vicente Blas Martinez,6624,1½,Monterey,SD 240,Confirmed,Jose M. Boronda and Juan de Mata Boronda,"Aug. 9, 1866","6,624.99",289,,https://digicoll.lib.berkeley.edu/record/267581,https://ranchos.archivesofcalifornia.com/r/rancho-laureles.html,yes,sole
rancho-pescadero,El Pescadero,1836,interim,Nicolas Gutierrez,Fabian Barretto,4426,1,,SD 157,Confirmed,David Jacks,"Feb. 19, 1868","4,426.46",280,,https://digicoll.lib.berkeley.edu/record/266117,https://ranchos.archivesofcalifornia.com/r/rancho-pescadero.html,yes,sole
rancho-san-simeon,San Simeon,1842,alvarado,Alvarado,Jose Ramon Estrada,4468,,San Luis Obispo,SD 320,Confirmed,Jose Maria Gomez,"Apl. 1, 1865","4,468.81",322,,https://digicoll.lib.berkeley.edu/record/268944,https://ranchos.archivesofcalifornia.com/r/rancho-san-simeon.html,yes,sole
rancho-rincon,El Rincon,1839,alvarado,Alvarado,Juan Bandini,4431,1,,SD 297,Confirmed,Bernardo Yorba,"Nov. 14, 1879","4,431.27",476,,https://digicoll.lib.berkeley.edu/record/268923,https://ranchos.archivesofcalifornia.com/r/rancho-rincon.html,yes,sole
rancho-boca-playa,Boca De La Playa,1846,pico,Pío Pico,Emigdio Vejar,6607,,Orange,SD 146,Confirmed,Emigdio Vejar,"Mar. 1, 1879",,502,,https://digicoll.lib.berkeley.edu/record/266106,https://ranchos.archivesofcalifornia.com/r/rancho-boca-playa.html,yes,sole
rancho-san-bernardo,San Bernardo (Cane),1840,alvarado,Alvarado,Vicente Cane,4379,,San Luis Obispo,SD 041,Confirmed,Vicente Cane,"Apl. 1, 1865","4,379.42",306,,https://digicoll.lib.berkeley.edu/record/266078,https://ranchos.archivesofcalifornia.com/r/rancho-san-bernardo.html,yes,sole
rancho-rincon-1,El Rincon (Arellanes),1835,figueroa,Jose Figueroa,T. Arellanes,2792,1,Ventura,SD 059,Confirmed,,"Nov. 22, 1872",,387,,https://digicoll.lib.berkeley.edu/record/264212,https://ranchos.archivesofcalifornia.com/r/rancho-rincon-1.html,yes,sole
rancho-polka,La Polka,1833,figueroa,Jose Figueroa,Ysabel Ortega,4166,1,Santa Clara,ND 159,Confirmed,Martin J.C. Murphy,"Mar. 3, 1860","4,166.78",227,,https://digicoll.lib.berkeley.edu/record/265519,https://ranchos.archivesofcalifornia.com/r/rancho-polka.html,yes,sole
rancho-santa-gertrudes,Santa Gertrudes (Colima),1846,figueroa,Pío Pico,Tomás Sanchez Colima,3696,,Los Angeles,SD 272,Confirmed,Tomas S. Colima,"July 17, 1877","3,696.23",463,,https://digicoll.lib.berkeley.edu/record/267613,https://ranchos.archivesofcalifornia.com/r/rancho-santa-gertrudes.html,yes,sole
rancho-san-dieguito,San Dieguito,1845,pico,Pico,Juan Maria Osuna,8824,2,San Diego,SD 092,Confirmed,Juliana Lopez Osuna et al,"Apl. 18, 1871","8,824.71",523,,https://digicoll.lib.berkeley.edu/record/265838,https://ranchos.archivesofcalifornia.com/r/rancho-san-dieguito.html,yes,sole
rancho-habra,La Habra,1839,alvarado,Jimeno,Mariano R. Roldan,6698,1.5,Orange,SD 355,Confirmed,Andres Pico et al,"Dec. 4, 1872","6,698.57",462,,https://digicoll.lib.berkeley.edu/record/268977,https://ranchos.archivesofcalifornia.com/r/rancho-habra.html,yes,sole
rancho-san-joaquin-1,San Joaquin,1837,alvarado,Alvarado,J. Sepulveda,48803,11,San Benito,SD 185,Confirmed,Jose Sepulveda,"Sept. 19, 1867","48,803.16",500,,https://digicoll.lib.berkeley.edu/record/268897,https://ranchos.archivesofcalifornia.com/r/rancho-san-joaquin-1.html,yes,sole
rancho-san-antonio,San Antonio (Mesa),1839,alvarado,Alvarado,Prado Mesa,898,,,ND 275,Confirmed,Encarnación Mesa et al,"Aug. 6, 1866",898.41,176,,https://digicoll.lib.berkeley.edu/record/256607,https://ranchos.archivesofcalifornia.com/r/rancho-san-antonio.html,yes,sole
rancho-lomerias-muertas,Lomerias Muertas,1842,alvarado,Alvarado,Jose Antonio Castro,6659,,San Benito,SD 105,Confirmed,"Vicente Sanchez et al, heirs","Aug. 9, 1866","6,659.91",239,,https://digicoll.lib.berkeley.edu/record/265847,https://ranchos.archivesofcalifornia.com/r/rancho-lomerias-muertas.html,yes,sole
rancho-pala,Pala,1835,interim,Jose Castro,Jose Higuera,4454,1,Santa Clara,ND 233,Confirmed,Ellen E. White et al,"Oct. 8, 1866","4,454.08",180,,https://digicoll.lib.berkeley.edu/record/256567,https://ranchos.archivesofcalifornia.com/r/rancho-pala.html,yes,sole
rancho-aptos,Aptos,1833,figueroa,Jose Figueroa,R. Castro,6685,1,Santa Cruz,SD 172,Confirmed,Rafael Castro,"Apl. 23, 1860","6,685.91",216,,https://digicoll.lib.berkeley.edu/record/266130,https://ranchos.archivesofcalifornia.com/r/rancho-aptos.html,yes,sole
rancho-aromitas-agua-caliente,Los Aromitas Y Agua Caliente,1835,interim,Jose Castro,Juan Miguel Anzar,8659,3,San Benito,SD 102,Confirmed,Frederick A. McDougall et al,"Mar. 17, 1862","8,659.69",242,,https://digicoll.lib.berkeley.edu/record/265845,https://ranchos.archivesofcalifornia.com/r/rancho-aromitas-agua-caliente.html,yes,sole
rancho-agua-puerca-trancas,Agua Puerca Y Las Trancas,1843,micheltorena,Micheltorena,R. Rodriguez and F. Alviso,4421,1,Santa Cruz,ND 250,Patented,Ramon Rodriguez and Francisco Alviso,"Mar. 1, 1867","4,421.52",206,,https://digicoll.lib.berkeley.edu/record/256582,https://ranchos.archivesofcalifornia.com/r/rancho-agua-puerca-trancas.html,yes,sole
rancho-canada-guadalupe-visitacion,Canada De Guadalupe La Visitacion,1841,alvarado,Alvarado,Jacob P. Leese,5473,2,San Mateo,ND 285,Confirmed,Henry R. Payson,"Dec. 15, 1865","5,473.47",151,,https://digicoll.lib.berkeley.edu/record/256616,https://ranchos.archivesofcalifornia.com/r/rancho-canada-guadalupe-visitacion.html,yes,sole
rancho-felis,Los Felis,1843,micheltorena,Micheltorena,M. I. Berdugo,6647,1.5,,SD 133,Confirmed,Maria Ignacia Berdugo,"Apl. 18, 1871","6,647.46",426,,https://digicoll.lib.berkeley.edu/record/265872,https://ranchos.archivesofcalifornia.com/r/rancho-felis.html,yes,sole
rancho-azusa-1,Azusa (Duarte),1841,alvarado,Alvarado,A. Duarte,6595,1.5,Los Angeles,SD 046,Confirmed,Andres Duarte,"June 6, 1878","6,595.62",455,,https://digicoll.lib.berkeley.edu/record/266083,https://ranchos.archivesofcalifornia.com/r/rancho-azusa-1.html,yes,sole
rancho-alisal-1,El Alisal (Bernal),1834,figueroa,Jose Figueroa,Feliciano Soberanes et al,5941,1⅓,Monterey,SD 279,Confirmed,Bruno Bernal,"Aug. 9, 1866","5,941.12",267,,https://digicoll.lib.berkeley.edu/record/268906,https://ranchos.archivesofcalifornia.com/r/rancho-alisal-1.html,yes,sole
rancho-canada-larga-verde,Canada Larga Verde,1841,alvarado,Alvarado,Joaquína Alvarado,6659,,Ventura,SD 081,Confirmed,Joaquina Alvarado,"Mar. 26, 1873","6,659.04",390,,https://digicoll.lib.berkeley.edu/record/265829,https://ranchos.archivesofcalifornia.com/r/rancho-canada-larga-verde.html,yes,sole
rancho-san-lorenzo,San Lorenzo (Soto),1842,alvarado,Alvarado,Francisco Soto,6685,,Alameda,ND 300,Confirmed,Barbara Soto et al,"April 14, 1877","6,685.85",132,,https://digicoll.lib.berkeley.edu/record/256629,https://ranchos.archivesofcalifornia.com/r/rancho-san-lorenzo.html,yes,sole
rancho-rinconada-gatos,Rinconada De Los Gatos,1840,alvarado,Alvarado,S. Peralta and J. Hernandez,6631,1.5,Santa Clara,ND 164,Confirmed,Jose Hernandez and Sebastian Peralta,"Mar. 19, 1860","6,631.44",192,,https://digicoll.lib.berkeley.edu/record/265524,https://ranchos.archivesofcalifornia.com/r/rancho-rinconada-gatos.html,yes,sole
rancho-paraje-sanchez,Paraje De Sanchez,1839,alvarado,Alvarado,Francisco Lugo,6584,1½,Monterey,SD 230,Confirmed,Cayetano Lugo et al,"Aug. 9, 1866","6,584.32",292,,https://digicoll.lib.berkeley.edu/record/267571,https://ranchos.archivesofcalifornia.com/r/rancho-paraje-sanchez.html,yes,sole
rancho-canada-san-miguelito,Canada De San Miguelito,1846,pico,Pío Pico,Ramon Rodriguez,8877,,Ventura,SD 057,Confirmed,"Juana Tico de Rodriguez, Jose Ignacio Rodriguez, and Juana Antonio Rodriguez","June 15, 1871","8,877.04",391,,https://digicoll.lib.berkeley.edu/record/266094,https://ranchos.archivesofcalifornia.com/r/rancho-canada-san-miguelito.html,yes,sole
rancho-llano-buena-vista,Llano De Buena Vista,1823,spanish,Luis Antonio Arguello,Don Jose Mariano Estrada,8446,,Monterey,SD 151,Confirmed,David Spence,"Jan. 4, 1860",,266,,https://digicoll.lib.berkeley.edu/record/266111,https://ranchos.archivesofcalifornia.com/r/rancho-llano-buena-vista.html,yes,sole
rancho-sespe-no-1,Sespe No. 1,1833,figueroa,Jose Figueroa,C. A. Carrillo,8880,6,Ventura,SD 032,Confirmed,Thomas W. More,"Mar. 14, 1872","8,880.81",397,,https://digicoll.lib.berkeley.edu/record/266071,https://ranchos.archivesofcalifornia.com/r/rancho-sespe-no-1.html,yes,share_of_grant
rancho-tinaquaic,Tinaquaic,1837,alvarado,Alvarado,Victor Linares,8874,2,Santa Barbara,SD 200,Confirmed,William D. Foxon,"June 28, 1872","8,874.60",359,,https://digicoll.lib.berkeley.edu/record/267544,https://ranchos.archivesofcalifornia.com/r/rancho-tinaquaic.html,yes,sole
rancho-boca-santa-monica,Boca De Santa Monica,1839,alvarado,Jimeno,Francisco Marques et al,6656,1.5,Los Angeles,SD 141,Confirmed,Isidro Reyes et al,"July 21, 1881","6,656.92",539,,https://digicoll.lib.berkeley.edu/record/265877,https://ranchos.archivesofcalifornia.com/r/rancho-boca-santa-monica.html,yes,sole
rancho-coches-1,Las Coches,1841,alvarado,Alvarado,M. J. Soberanes,8794,2½,Monterey,SD 202,Confirmed,Maria Josefa Soberanes,"Feb. 10, 1917","8,794.02",296,,https://digicoll.lib.berkeley.edu/record/267546,https://ranchos.archivesofcalifornia.com/r/rancho-coches-1.html,yes,sole
rancho-toro,El Toro,1835,interim,the interim government,Jose Ramon Estrada,5668,,Monterey,SD 112,Confirmed,Charles Walters,"Oct. 7, 1862","5,668.41",275,,https://digicoll.lib.berkeley.edu/record/265853,https://ranchos.archivesofcalifornia.com/r/rancho-toro.html,yes,sole
rancho-casmalia,Casmalia,1840,alvarado,Alvarado,A. Olivera,8841,2,Santa Barbara,SD 284,Confirmed,Antonio Olivera,"July 30, 1863","8,841.21",355,,https://digicoll.lib.berkeley.edu/record/268911,https://ranchos.archivesofcalifornia.com/r/rancho-casmalia.html,yes,sole
rancho-salinas,Las Salinas,1836,interim,Nicolas Gutierrez,G. Espinoza,4413,1,Monterey,SD 158,Confirmed,the heirs of Gabriel Espinoza,"Mar. 26, 1867","4,413.81",257,,https://digicoll.lib.berkeley.edu/record/266118,https://ranchos.archivesofcalifornia.com/r/rancho-salinas.html,yes,sole
rancho-virgenes,Las Virgenes,1837,alvarado,Alvarado,Jose Maria Dominguez,8878,2,Los Angeles,SD 265,Confirmed,Maria Anonia Machado,"Sept. 5, 1883","8,878.76",545,,https://digicoll.lib.berkeley.edu/record/267606,https://ranchos.archivesofcalifornia.com/r/rancho-virgenes.html,yes,sole
rancho-corral-tierra-2,Corral De Tierra (Palomares),1839,unattributed,Jimeno,F. G. Palomares,7766,1,,ND 049,Confirmed,Josefa de Haro de Guerrero et al,"Apl. 7, 1866","7,766.35",165,,https://digicoll.lib.berkeley.edu/record/264436,https://ranchos.archivesofcalifornia.com/r/rancho-corral-tierra-2.html,yes,sole
rancho-nacional,Nacional,1839,alvarado,Alvarado,Vicente Cantua,6633,,Monterey,SD 070,Confirmed,Vicente Cantua,"Apl. 7, 1866","6,633.29",263,,https://digicoll.lib.berkeley.edu/record/265820,https://ranchos.archivesofcalifornia.com/r/rancho-nacional.html,yes,sole
rancho-bolsa-san-felipe,Bolsa De San Felipe,1840,alvarado,Alvarado,F. D. Pacheco,6794,2,San Benito,SD 077,Confirmed,Francisco P. Pacheco,"Jan. 14, 1871","6,794.76",231,,https://digicoll.lib.berkeley.edu/record/265825,https://ranchos.archivesofcalifornia.com/r/rancho-bolsa-san-felipe.html,yes,sole
rancho-san-geronimo,San Geronimo,1844,micheltorena,Micheltorena,Rafael Cacho,8701,2,,ND 283,Confirmed,Jose W. Revere,"April 4, 1860","8,701.00",39,,https://digicoll.lib.berkeley.edu/record/256614,https://ranchos.archivesofcalifornia.com/r/rancho-san-geronimo.html,yes,sole
rancho-tujunga,Tujunga,1840,alvarado,Alvarado,Francisco Lopez and Pedro Lopez,6660,,Los Angeles,SD 052,Confirmed,David W. Alexander et al,"Oct. 19, 1874","6,660.71",413,,https://digicoll.lib.berkeley.edu/record/266089,https://ranchos.archivesofcalifornia.com/r/rancho-tujunga.html,yes,sole
rancho-tequepis,Tequepis,1845,pico,Pío Pico,Antonio M. Villa,8919,,Santa Barbara,SD 064,Confirmed,Antonio M. Villa,"July 24, 1869","8,919.00",365,,https://digicoll.lib.berkeley.edu/record/266099,https://ranchos.archivesofcalifornia.com/r/rancho-tequepis.html,yes,sole
rancho-rincon-esteros-2,Rincon De Los Esteros (White),1838,alvarado,Alvarado,Ygnacio Alviso,2000,,Santa Clara,ND 238,Confirmed,Ellen E. White,"May 23, 1862","2,308.17",139,,https://digicoll.lib.berkeley.edu/record/256572,https://ranchos.archivesofcalifornia.com/r/rancho-rincon-esteros-2.html,yes,sole
rancho-niscasio,Niscasio (Frink & Reynolds),1844,micheltorena,Micheltorena,"Henry W. Hallack, James Black, and Benjamin R. Buckelew",30848,,,ND 392,Confirmed,"Henry W. Hallack, James Black, and Benjamin R. Buckelew","Nov. 1, 1861",,32,,https://digicoll.lib.berkeley.edu/record/264241,https://ranchos.archivesofcalifornia.com/r/rancho-niscasio.html,yes,unresolved
rancho-san-andres,San Andres,1833,figueroa,Jose Figueroa,Joaquin Castro,8911,2,Santa Cruz,SD 100,Confirmed,"Guadalupe Castro and Juan Castro, executors","Jan. 31, 1876","8,911.53",219,,https://digicoll.lib.berkeley.edu/record/266105,https://ranchos.archivesofcalifornia.com/r/rancho-san-andres.html,yes,sole
rancho-corte-madera-novato,Corte Madera De Novato,1839,alvarado,Manuel Jimeno,J. Martin,8878,2,Marin,ND 134,Confirmed,Juan,"Martin May 23, 1862","8,878.82",47,,https://digicoll.lib.berkeley.edu/record/265494,https://ranchos.archivesofcalifornia.com/r/rancho-corte-madera-novato.html,yes,sole
rancho-butano,Butano,1838,alvarado,Alvarado (ratified by Micheltorena),Romana Sanchez,4439,1,San Mateo,ND 271,Confirmed,Manuel Rodriguez,"April 30, 1866","4,439.67",191,,https://digicoll.lib.berkeley.edu/record/256603,https://ranchos.archivesofcalifornia.com/r/rancho-butano.html,yes,sole
rancho-bolsa-pajaro,Bolsa Del Pajaro,1837,alvarado,Alvarado,S. Rodriguez,5496,2,Santa Cruz,SD 289,Confirmed,Sebastion Rodriguez,"Jan. 4, 1860","5,496.50",220,,https://digicoll.lib.berkeley.edu/record/268916,https://ranchos.archivesofcalifornia.com/r/rancho-bolsa-pajaro.html,yes,sole
rancho-agua-caliente,Agua Caliente,1839,alvarado,Nicolas Gutierrez; Alvarado,F. Higuera,9563,2,Alameda,ND 133,Confirmed,Fulgencio Higuera,"Apl. 17, 1858","9,563.87",136,,https://digicoll.lib.berkeley.edu/record/265493,https://ranchos.archivesofcalifornia.com/r/rancho-agua-caliente.html,yes,sole
rancho-san-francisquito-1,San Francisquito (Dalton),1845,pico,Pio Pico,H. Dalton,8893,2,,SD 022,Confirmed,Henry Dalton,"May 30, 1867","8,893.62",447,22 How. 436,https://digicoll.lib.berkeley.edu/record/266062,https://ranchos.archivesofcalifornia.com/r/rancho-san-francisquito-1.html,yes,sole
rancho-san-leandro,San Leandro,1842,alvarado,Alvarado,José Joaquín Estudillo,6829,,Alameda,ND 234,Confirmed,Jos\u00e9 Joaqu\u00edn Estudillo,"July 15, 1863","6,829.58",131,,https://digicoll.lib.berkeley.edu/record/256568,https://ranchos.archivesofcalifornia.com/r/rancho-san-leandro.html,yes,sole
rancho-calleguas,Calleguas,1837,alvarado,Alvarado,Jose Pedro Ruiz,9998,,Ventura,SD 060,Confirmed,Gabriel Ruiz,"Mar. 22, 1866","9,998.29",407,,https://digicoll.lib.berkeley.edu/record/266095,https://ranchos.archivesofcalifornia.com/r/rancho-calleguas.html,yes,sole
rancho-punta-reyes,Punta De Los Reyes (Randall),1839,interim,Alvarado,Jose Francisco Snook,8887,2,Marin,ND 385,Confirmed,Andrew Randall,"June 4, 1860","8,887.68",33,,https://digicoll.lib.berkeley.edu/record/264236,https://ranchos.archivesofcalifornia.com/r/rancho-punta-reyes.html,yes,sole
rancho-paso-bartolo,Paso De Bartolo (Pico),1835,figueroa,Jose Figueroa,Juan Crispin Perez,8991,2,Los Angeles,SD 087,Confirmed,,,,464,,https://digicoll.lib.berkeley.edu/record/265834,https://ranchos.archivesofcalifornia.com/r/rancho-paso-bartolo.html,yes,unresolved
rancho-guesisosi,Guesisosi,1843,micheltorena,Micheltorena,William Gordon,8894,2,,ND 026,Confirmed,William Gordan,"Feb. 4, 1860","8,894.49",85,,https://digicoll.lib.berkeley.edu/record/264414,https://ranchos.archivesofcalifornia.com/r/rancho-guesisosi.html,yes,sole
rancho-natividad,La Natividad,1837,alvarado,Alvarado,M. Butron and N. Alviso,8642,2,Monterey,SD 361,Confirmed,Ramona Butron et al,"Oct. 1, 1874","8,642.21",251,,https://digicoll.lib.berkeley.edu/record/268983,https://ranchos.archivesofcalifornia.com/r/rancho-natividad.html,yes,sole
rancho-cabeza-santa-rosa,Cabeza De Santa Rosa,1841,alvarado,Jimeno,Maria Ygnacia Lopez,4500,,Sonoma,ND 124,Confirmed,Julio Carrillo,"July 16, 1866","4,500.42",63,,https://digicoll.lib.berkeley.edu/record/265484,https://ranchos.archivesofcalifornia.com/r/rancho-cabeza-santa-rosa.html,yes,sole
rancho-tepusquet,Tepusquet,1837,alvarado,Alvarado,Tomas Olivera,8900,2,Santa Barbara,SD 336,Confirmed,,"Feb. 23, 1871",,349,,https://digicoll.lib.berkeley.edu/record/268959,https://ranchos.archivesofcalifornia.com/r/rancho-tepusquet.html,yes,sole
rancho-canada,La Canada,1843,micheltorena,Micheltorena,Ygnacio Coronel,5832,2,Los Angeles,SD 316,Confirmed,Jonathan R. Scott and Benjamin Hayes,"Aug. 1, 1866","5,832.10",414,,https://digicoll.lib.berkeley.edu/record/268941,https://ranchos.archivesofcalifornia.com/r/rancho-canada.html,yes,sole
rancho-canada-corral,Canada Del Corral,1841,alvarado,Alvarado,José Dolores Ortega,8875,,Santa Barbara,SD 152,Confirmed,Jose D. Ortega,"May 30, 1866","8,875.76",380,,https://digicoll.lib.berkeley.edu/record/266112,https://ranchos.archivesofcalifornia.com/r/rancho-canada-corral.html,yes,sole
rancho-san-francisquito-2,San Francisquito,1839,alvarado,Alvarado,Antonio Buelna,1471,,Monterey,ND 206,Confirmed,Maria Concepcion Valencia de Rodriquez,"June 8, 1868","1,471.00",174,,https://digicoll.lib.berkeley.edu/record/265799,https://ranchos.archivesofcalifornia.com/r/rancho-san-francisquito-2.html,yes,sole
rancho-canada-rincon-en-rio-san-lorenco-santa-cruz,Canada Del Rincon En El Rio San Lorenco De Santa Cruz,1843,pico,Micheltorena; Pico,Pedro Sainsevain,5826,,,SD 391,Confirmed,Pedro Sainsevain,"June 4, 1858","5,826.86",208,,https://digicoll.lib.berkeley.edu/record/269009,https://ranchos.archivesofcalifornia.com/r/rancho-canada-rincon-en-rio-san-lorenco-santa-cruz.html,yes,sole
rancho-zanjones,Zanjones,1839,alvarado,Alvarado,Gabriel de la Torre,6714,,Monterey,SD 108,Confirmed,,,,271,,https://digicoll.lib.berkeley.edu/record/265849,https://ranchos.archivesofcalifornia.com/r/rancho-zanjones.html,yes,sole
rancho-cruces,Las Cruces,1837,alvarado,Alvarado,Miguel Cordero,8512,,Santa Barbara,ND 430,Confirmed,Vicente Cordero et al,"July 7, 1883","8,512.81",549,,https://digicoll.lib.berkeley.edu/record/264273,https://ranchos.archivesofcalifornia.com/r/rancho-cruces.html,yes,sole
rancho-juristac,Juristac,1835,interim,the interim government,Antonio and Faustino German,4540,,Santa Clara,SD 396,Confirmed,"Jacob L. Sargent, Roswell V. Sargent, and Robert S. Carlisle","Nov. 13, 1871","4,540.44",241,,https://digicoll.lib.berkeley.edu/record/269013,https://ranchos.archivesofcalifornia.com/r/rancho-juristac.html,yes,sole
rancho-san-antonio-1,San Antonio (Y. Peralta),1820,micheltorena,Sola; Arguello; Micheltorena,Luis Maria Peralta,9416,,,ND 099,Confirmed,Ignacio Peralta,"Feb. 3, 1858","9,416.66",130,,https://digicoll.lib.berkeley.edu/record/265459,https://ranchos.archivesofcalifornia.com/r/rancho-san-antonio-1.html,yes,sole
rancho-agua-caliente-1,Agua Caliente,1840,alvarado,Alvarado,Lazaro Pina,1864,,,ND 153,Confirmed,Mariano G. Vallejo,"June 12, 1880","1,864.23",67,11 Wall. 566; 156 U.S. 387,https://digicoll.lib.berkeley.edu/record/265513,https://ranchos.archivesofcalifornia.com/r/rancho-agua-caliente-1.html,yes,sole
rancho-rincon-salinas-potrero-viejo,Rincon De Las Salinas Y Potrero Viejo,1839,alvarado,Jimeno,Jose Cornelio de Bernal,4446,1,San Francisco,ND 005,Confirmed,the heirs of Jose C. Bernal,"Dec. 31, 1857","4,446.40",153,,https://digicoll.lib.berkeley.edu/record/264398,https://ranchos.archivesofcalifornia.com/r/rancho-rincon-salinas-potrero-viejo.html,yes,sole
rancho-carneros-1,Los Carneros (Littlejohn),1834,figueroa,Jose Figueroa,David Littlejohn,4482,1,Monterey,SD 322,Confirmed,the heirs of David Littlejohn,"Aug. 9, 1866","4,482.33",244,,https://digicoll.lib.berkeley.edu/record/268945,https://ranchos.archivesofcalifornia.com/r/rancho-carneros-1.html,yes,sole
rancho-san-lucas,San Lucas,1842,alvarado,Alvarado,Rafael Estrada,8874,,,SD 034,Confirmed,James McKinley,"Feb. 23, 1872","8,874.72",305,,https://digicoll.lib.berkeley.edu/record/266073,https://ranchos.archivesofcalifornia.com/r/rancho-san-lucas.html,yes,sole
rancho-agua-hedionda,Agua Hedionda,1842,alvarado,Alvarado,J. M. Marron,13311,3,San Diego,SD 238,Confirmed,Juan M.,"Marron Dec. 12, 1872","13,311.01",521,,https://digicoll.lib.berkeley.edu/record/267579,https://ranchos.archivesofcalifornia.com/r/rancho-agua-hedionda.html,yes,sole
rancho-felix,Felix,1844,micheltorena,Micheltorena,D. Feliz,4448,1,,ND 148,Confirmed,Domingo Feliz,"June 21, 1873","4,448.29",167,,https://digicoll.lib.berkeley.edu/record/265508,https://ranchos.archivesofcalifornia.com/r/rancho-felix.html,yes,sole
rancho-vergeles,Los Vergeles,1835,interim,Jose Figueroa,Jose Joaquin Gomez,8759,2,Monterey,SD 111,Confirmed,James Stokes,"Apl. 3, 1875","8,759.12",249,,https://digicoll.lib.berkeley.edu/record/265852,https://ranchos.archivesofcalifornia.com/r/rancho-vergeles.html,yes,sole
rancho-medanos,Los Medanos,1839,alvarado,Alvarado,Jose Antonio Mesa et al,8858,2,Contra Costa,ND 364,Confirmed,Jonathan D. Stevenson,"Oct. 8, 1872","8,858.83",,,https://digicoll.lib.berkeley.edu/record/264201,https://ranchos.archivesofcalifornia.com/r/rancho-medanos.html,yes,sole
rancho-san-mateo,San Mateo,1846,pico,Pio Pico,Cayetano Arenas,6438,2,San Mateo,ND 409,Confirmed,the executors of William D. M. Howard,"Nov. 18, 1857","6,438.80",149,,https://digicoll.lib.berkeley.edu/record/264256,https://ranchos.archivesofcalifornia.com/r/rancho-san-mateo.html,yes,sole
rancho-pauma,Pauma,1844,micheltorena,Micheltorena,J. A. Serano et al,13309,3,San Diego,SD 189,Confirmed,Jose A. Serrano et al,"Aug. 29, 1871","13,309.60",507,,https://digicoll.lib.berkeley.edu/record/267536,https://ranchos.archivesofcalifornia.com/r/rancho-pauma.html,yes,sole
rancho-canada-salsipuedes,Canada De Salsipuedes,1844,micheltorena,Micheltorena,Pedro Cordero,6656,1½,Santa Barbara,SD 002,Confirmed,John Keyes,"Feb. 18, 1874","6,656.21",377,,https://digicoll.lib.berkeley.edu/record/266043,https://ranchos.archivesofcalifornia.com/r/rancho-canada-salsipuedes.html,yes,sole
rancho-estero-americano,Estero Americano,1839,alvarado,Alvarado,Edward Manuel McIntosh,8849,,Sonoma,ND 041,Confirmed,Jasper O'Farrell,"Feb. 3, 1858","8,849.13",28,,https://digicoll.lib.berkeley.edu/record/264428,https://ranchos.archivesofcalifornia.com/r/rancho-estero-americano.html,yes,sole
rancho-corral-quati,Corral De Quati,1845,pico,Pio Pico,Agustin Davila,13322,3,,SD 049,Confirmed,Maria Antonia de la Lataillade,"Aug. 7, 1876","13,322.29",362,,https://digicoll.lib.berkeley.edu/record/266086,https://ranchos.archivesofcalifornia.com/r/rancho-corral-quati.html,yes,sole
rancho-locoallomi,Locoallomi,1841,alvarado,Jimeno,Julian Pope,8872,2,Napa,ND 154,Confirmed,the heirs of Joseph Pope et al,"Mar. 17, 1862","8,872.73",81,,https://digicoll.lib.berkeley.edu/record/265514,https://ranchos.archivesofcalifornia.com/r/rancho-locoallomi.html,yes,sole
rancho-caymus,Caymus,1836,interim,the interim government,George C. Yount,11814,,Napa,ND 032,Confirmed,George C. Yount,"Apl. 3, 1863","11,814.52",78,,https://digicoll.lib.berkeley.edu/record/264419,https://ranchos.archivesofcalifornia.com/r/rancho-caymus.html,yes,sole
rancho-rincon-san-francisquito,Rincon De San Francisquito,1841,alvarado,Alvarado,Jose Peua,8418,,Santa Clara,ND 081,Confirmed,Teodoro and Secundino Robles,"Feb. 19, 1868","8,418.21",146,,https://digicoll.lib.berkeley.edu/record/264464,https://ranchos.archivesofcalifornia.com/r/rancho-rincon-san-francisquito.html,yes,sole
rancho-sur,El Sur,1834,figueroa,Figueroa,John B. R. Cooper,8949,,Monterey,SD 001,Confirmed,John B.R. Cooper,"May 18, 1866","8,949.06",288,,https://digicoll.lib.berkeley.edu/record/266042,https://ranchos.archivesofcalifornia.com/r/rancho-sur.html,yes,sole
rancho-buena-vista-1,Buena Vista,1822,spanish,a Spanish governor,"Mariano Malarin, attorney for José S. Estrada",7725,,Monterey,SD 204,Confirmed,"Mariano Malarin, attorney for Jose S. Estrada","Sept. 15, 1869","7,725.56",274,,https://digicoll.lib.berkeley.edu/record/267548,https://ranchos.archivesofcalifornia.com/r/rancho-buena-vista-1.html,yes,sole
rancho-canada-hambre-bolsas,Canada Del Hambre Y Las Bolsas,1841,alvarado,Alvarado,Teodora Soto,13353,2,Contra Costa,ND 308,Confirmed,Teodora Soto,"Dec. 31, 1866","13,353.95",114,,https://digicoll.lib.berkeley.edu/record/256637,https://ranchos.archivesofcalifornia.com/r/rancho-canada-hambre-bolsas.html,yes,primary
rancho-pastoria-borregas,Pastoria De Las Borregas,1842,alvarado,Alvarado,Francisco Estrada,4172,,Santa Clara,ND 097,Confirmed,Mariano Castro,"Sept. 17, 1881","4,172.13",144,,https://digicoll.lib.berkeley.edu/record/265458,https://ranchos.archivesofcalifornia.com/r/rancho-pastoria-borregas.html,yes,sole
rancho-san-pascual-1,San Pascual (Garfias),1843,micheltorena,Micheltorena,M. Garfias,13693,3.5,Los Angeles,SD 173,Confirmed,Manuel Garfias,"Apl. 3, 1863","13,693.93",415,,https://digicoll.lib.berkeley.edu/record/266131,https://ranchos.archivesofcalifornia.com/r/rancho-san-pascual-1.html,yes,sole
rancho-pismo,Pismo,1840,alvarado,Jimeno,Jose Ortega,8838,2,San Luis Obispo,SD 120,Confirmed,Isaac J. Sparks,"Nov. 16, 1866","8,838.89",336,,https://digicoll.lib.berkeley.edu/record/265861,https://ranchos.archivesofcalifornia.com/r/rancho-pismo.html,yes,sole
rancho-bolsa-escorpinas,Bolsa De Las Escorpinas,1837,alvarado,Alvarado,S. Espinoza,6415,2,Monterey,SD 067,Confirmed,Salvador Espinoza,"Sept. 26, 1876","6,415.96",252,,https://digicoll.lib.berkeley.edu/record/266102,https://ranchos.archivesofcalifornia.com/r/rancho-bolsa-escorpinas.html,yes,sole
rancho-canada-alisos,Canada De Los Alisos,1842,alvarado,Alvarado,J. Serano,10668,2,Orange,SD 031,Confirmed,Jose Serrano,"June 27, 1871","10,668.81",498,,https://digicoll.lib.berkeley.edu/record/266070,https://ranchos.archivesofcalifornia.com/r/rancho-canada-alisos.html,yes,sole
rancho-piojo,El Piojo,1842,alvarado,Alvarado,Joaquin Soto,13329,3,,SD 210,Confirmed,the heirs of Joaquin Soto,"Apl. 30, 1866","13,329.28",310,,https://digicoll.lib.berkeley.edu/record/267554,https://ranchos.archivesofcalifornia.com/r/rancho-piojo.html,yes,sole
rancho-ballona,Ballona,1839,alvarado,Alvarado,Agustin Machado et al,13919,1,Los Angeles,SD 123,Confirmed,Agustin Machado et al,"Dec. 8, 1873","13,919.90",434,,https://digicoll.lib.berkeley.edu/record/264493,https://ranchos.archivesofcalifornia.com/r/rancho-ballona.html,yes,sole
rancho-chualar,Chualar,1839,alvarado,Alvarado,Juan Malarin,8889,,Monterey,SD 110,Confirmed,"Mariano Malarin, executor","Oct. 31, 1872","8,889.68",270,,https://digicoll.lib.berkeley.edu/record/265851,https://ranchos.archivesofcalifornia.com/r/rancho-chualar.html,yes,sole
rancho-san-jose,San Jose (Pacheco),1840,alvarado,Alvarado,Y. Pacheco,6659,1½,,ND 040,Confirmed,Ignacio Pacheco,"Jan. 14, 1861","6,659.25",45,,https://digicoll.lib.berkeley.edu/record/264427,https://ranchos.archivesofcalifornia.com/r/rancho-san-jose.html,yes,sole
rancho-canada-jonive,Canada De Jonive,1846,pico,Pío Pico,James Black,10786,,Sonoma,ND 048,Confirmed,Jasper O'Farrell,"Feb. 18, 1858","10,786.51",52,,https://digicoll.lib.berkeley.edu/record/264435,https://ranchos.archivesofcalifornia.com/r/rancho-canada-jonive.html,yes,sole
rancho-sausal,Sausal,1834,figueroa,Jose Figueroa,Jose Tiburcio Castro,10241,2,Monterey,SD 190,Confirmed,Jacob P. Leese,"Sept. 2, 1859","10,241.19",264,,https://digicoll.lib.berkeley.edu/record/267537,https://ranchos.archivesofcalifornia.com/r/rancho-sausal.html,yes,sole
rancho-laguna-palos-colorados,Laguna Del Los Palos Colorados,1841,interim,Alvarado,J. Moraga and Juan Bernal,13316,3,Contra Costa,ND 276,Confirmed,Joaquin Moraga and Juan Bernal,"Aug. 10, 1876","13,316.25",123,,https://digicoll.lib.berkeley.edu/record/256608,https://ranchos.archivesofcalifornia.com/r/rancho-laguna-palos-colorados.html,yes,sole
rancho-cienega-paicines,Cienega De Los Paicines,1842,alvarado,Alvarado,Angel Castro,8917,2,San Benito,SD 220,Confirmed,Angel Castro et al,"Sept. 23, 1869","8,917.52",268,,https://digicoll.lib.berkeley.edu/record/267562,https://ranchos.archivesofcalifornia.com/r/rancho-cienega-paicines.html,yes,sole
rancho-solis,Solis,1835,figueroa,Figueroa,Mariano Castro,8875,,Santa Clara,ND 405,Confirmed,Rufina Castro et al,"Jan. 18, 1859","8,875.46",225,,https://digicoll.lib.berkeley.edu/record/264252,https://ranchos.archivesofcalifornia.com/r/rancho-solis.html,yes,sole
rancho-jamacho,Jamacho,1840,alvarado,Alvarado,A. Lorenzana,8881,2,,SD 048,Confirmed,Apolinaria Lorenzana,"Apl. 11, 1871","8,881.16",531,,https://digicoll.lib.berkeley.edu/record/266085,https://ranchos.archivesofcalifornia.com/r/rancho-jamacho.html,yes,sole
rancho-ojo-agua-coche,Ojo De Agua De La Coche,1835,figueroa,Figueroa,Juan Maria Hernandez,8927,,Santa Clara,ND 379,Confirmed,Martin J. C. Murphy,"Jan. 4, 1860","8,927.10",199,,https://digicoll.lib.berkeley.edu/record/264230,https://ranchos.archivesofcalifornia.com/r/rancho-ojo-agua-coche.html,yes,sole
rancho-refugio,Refugio,1841,alvarado,Alvarado,Jose Bolcoff,12147,,Santa Cruz,SD 275,Confirmed,Francisco and Juan Bolcoff,"Feb. 4, 1860","12,147.12",207,,https://digicoll.lib.berkeley.edu/record/267615,https://ranchos.archivesofcalifornia.com/r/rancho-refugio.html,yes,sole
rancho-ojitos,Los Ojitos,1842,alvarado,Alvarado,M. Soberanes,8900,2,,SD 221,Confirmed,Mariano Soberanes,"Apl. 18, 1871","8,900.17",311,,https://digicoll.lib.berkeley.edu/record/268901,https://ranchos.archivesofcalifornia.com/r/rancho-ojitos.html,yes,sole
rancho-san-geronimo-1,San Geronimo,1842,alvarado,Alvarado,R. Vilavicencio,8893,2,San Luis Obispo,SD 008,Confirmed,Rafael Villavicancio,"July 10, 1876","8,893.35",324,,https://digicoll.lib.berkeley.edu/record/266049,https://ranchos.archivesofcalifornia.com/r/rancho-san-geronimo-1.html,yes,sole
rancho-canada-san-felipe-animas,Canada De San Felipe Y Las Animas,1839,alvarado,Jimeno,Tomas Bonn,8787,2,Santa Clara,SD 332,Confirmed,Charles M. Weber,"Aug. 9, 1866","8,787.80",197,,https://digicoll.lib.berkeley.edu/record/268955,https://ranchos.archivesofcalifornia.com/r/rancho-canada-san-felipe-animas.html,yes,sole
rancho-guejito,Guejito,1845,pico,Pio Pico,Jose Maria Orosio,13298,3,San Diego,SD 084,Confirmed,George W. Hamley,"May 24, 1866","13,298.59",515,,https://digicoll.lib.berkeley.edu/record/264213,https://ranchos.archivesofcalifornia.com/r/rancho-guejito.html,yes,sole
rancho-bolsa-potrero-moro-cojo-sagrada-familia,Bolsa Del Potrero Y Moro Cojo Or La Sagrada Familia,1822,spanish,a Spanish governor,Jose Joaquin de la Torre,6915,,Monterey,SD 007,Confirmed,John B.R. Cooper,"Dec. 19, 1859","6,915.77",254,,https://digicoll.lib.berkeley.edu/record/266048,https://ranchos.archivesofcalifornia.com/r/rancho-bolsa-potrero-moro-cojo-sagrada-familia.html,yes,sole
rancho-meganos,Los Meganos,1835,interim,Jose Castro,Jose Noriega,13316,,Contra Costa,ND 107,Confirmed,Alice,"Marsh Aug. 19, 1867","13,316.00",110,,https://digicoll.lib.berkeley.edu/record/265467,https://ranchos.archivesofcalifornia.com/r/rancho-meganos.html,yes,sole
rancho-canada-verde-arroyo-purisima,Canada De Verde Y Arroyo De La Purisima,1838,alvarado,Alvarado,Jose Maria Alvisu,8905,2,San Mateo,ND 350,Confirmed,Jos\u00e9 Antonio Alviso,"Dec. 15, 1865","8,905.58",,23 How. 318,https://digicoll.lib.berkeley.edu/record/264187,https://ranchos.archivesofcalifornia.com/r/rancho-canada-verde-arroyo-purisima.html,yes,sole
rancho-lomas-purificacion,Lomas De La Purificacion,1844,micheltorena,Micheltorena,Agustín Yansens,13341,,Santa Barbara,SD 115,Confirmed,Augustin Yansens,"Apl. 8, 1871","13,341.39",366,,https://digicoll.lib.berkeley.edu/record/265856,https://ranchos.archivesofcalifornia.com/r/rancho-lomas-purificacion.html,yes,sole
rancho-santa-clara-norte,Santa Clara Del Norte,1837,alvarado,Alvarado,J. Sanchez,13988,,Ventura,SD 090,Confirmed,Juan Sanchez,"Nov. 5, 1869","13,988.91",402,,https://digicoll.lib.berkeley.edu/record/265837,https://ranchos.archivesofcalifornia.com/r/rancho-santa-clara-norte.html,yes,sole
rancho-canada-pogolimi,Canada De Pogolimi,1844,micheltorena,Micheltorena,Antonio Cazares,8780,2,Sonoma,ND 044,Confirmed,Maria Antonia Cazares,"Nov. 3, 1858","8,780.81",51,,https://digicoll.lib.berkeley.edu/record/264431,https://ranchos.archivesofcalifornia.com/r/rancho-canada-pogolimi.html,yes,sole
rancho-rincon-diablo,Rincon Del Diablo,1843,micheltorena,Micheltorena,Juan B. Alvarado,12653,,San Diego,SD 312,Confirmed,the heirs of Juan B. Alvarado,"May 3, 1872","12,653.77",516,,https://digicoll.lib.berkeley.edu/record/268937,https://ranchos.archivesofcalifornia.com/r/rancho-rincon-diablo.html,yes,sole
rancho-moro-cayucos,Moro Y Cayucos,1842,alvarado,Alvarado,Original grantees Martín Olivera and Vicente Feliz,8845,,San Luis Obispo,SD 155,Confirmed,James McKinley,"Jan. 19, 1878","8,845.49",325,,https://digicoll.lib.berkeley.edu/record/266115,https://ranchos.archivesofcalifornia.com/r/rancho-moro-cayucos.html,yes,sole
rancho-san-pedro,San Pedro,1839,alvarado,Alvarado,F. Sanchez,8926,2,Marin,ND 082,Confirmed,Francisco Sanchez,"Nov. 8, 1870","8,926.46",164,,https://digicoll.lib.berkeley.edu/record/256559,https://ranchos.archivesofcalifornia.com/r/rancho-san-pedro.html,yes,sole
rancho-valle-san-felipe,Valle De San Felipe,1846,pico,Pío Pico,Felipe Castillo,9972,,San Diego,SD 329,Confirmed,Juan Forster,"Aug. 6, 1866","9,972.08",511,,https://digicoll.lib.berkeley.edu/record/268952,https://ranchos.archivesofcalifornia.com/r/rancho-valle-san-felipe.html,yes,sole
rancho-rincon-musalacon,Rincon De Musalacon,1846,pico,Pio Pico,Francisco Berreyesa,8866,2,Sonoma,ND 222,Confirmed,"Johnson Horrell, Joseph Green, and Ramon de la Riva","June 9, 1866","8,866.89",56,,https://digicoll.lib.berkeley.edu/record/265814,https://ranchos.archivesofcalifornia.com/r/rancho-rincon-musalacon.html,yes,sole
rancho-guadalupe-llanitos-correos,Guadalupe Y Llanitos De Los Correos,1833,figueroa,Figueroa,Juan Malarin,8858,,Monterey,SD 109,Confirmed,"Mariano Malarin, executor","June 29, 1865","8,858.44",273,,https://digicoll.lib.berkeley.edu/record/265850,https://ranchos.archivesofcalifornia.com/r/rancho-guadalupe-llanitos-correos.html,yes,sole
rancho-nojoqui,Nojoqui,1843,micheltorena,Micheltorena,Raimundo Carrillo,13284,,Santa Barbara,SD 029,Confirmed,Raimundo Carrillo,"Sept. 11, 1869","13,284.50",367,,https://digicoll.lib.berkeley.edu/record/266068,https://ranchos.archivesofcalifornia.com/r/rancho-nojoqui.html,yes,sole
rancho-san-bernabe,San Bernabe,1841,alvarado,Alvarado,Jesus Molina and Petronillo Rios,13296,3,Monterey,SD 306,Confirmed,Henry Cocks,"Mar. 27, 1873","13,296.38",303,,https://digicoll.lib.berkeley.edu/record/268932,https://ranchos.archivesofcalifornia.com/r/rancho-san-bernabe.html,yes,sole
rancho-mallacomes-moristul-plan-agua-caliente,Mallacomes Or Moristul Y Plan De Agua Caliente,1843,micheltorena,Micheltorena,J. de los Santos Berreyesa,17742,4,,ND 161,Confirmed,Jose de los Santos Berreyesa,"July 20, 1873","17,742.72",61,,https://digicoll.lib.berkeley.edu/record/265521,https://ranchos.archivesofcalifornia.com/r/rancho-mallacomes-moristul-plan-agua-caliente.html,yes,sole
rancho-jamul,Jamul,1831,interim,Victoria,Pio Pico,8926,2,San Diego,SD 367,Patented,the heirs of Henry S. Burton,"Oct. 26, 1876","8,926.22",541,,https://digicoll.lib.berkeley.edu/record/256664,https://ranchos.archivesofcalifornia.com/r/rancho-jamul.html,yes,sole
rancho-santa-teresa,Santa Teresa,1834,figueroa,Figueroa,Joaquin Bernal,9647,,Santa Clara,ND 181,Confirmed,Agustin Bernal,"Mar. 8, 1867","9,647.13",184,,https://digicoll.lib.berkeley.edu/record/265540,https://ranchos.archivesofcalifornia.com/r/rancho-santa-teresa.html,yes,sole
rancho-san-miguel-2,San Miguel,1840,alvarado,Alvarado,Marcos West,6663,,Sonoma,ND 326,Confirmed,the widow and heirs of Marcus West,"June 29, 1865","6,663.23",62,22 Howard 315,https://digicoll.lib.berkeley.edu/record/256653,https://ranchos.archivesofcalifornia.com/r/rancho-san-miguel-2.html,yes,sole
rancho-san-juan-bautista,San Juan Bautista,1844,micheltorena,Micheltorena,J. A. Narvaez,8879,2,Santa Clara,ND 007,Confirmed,José Agustín Narvaez,"Dec. 1, 1865","8,879.54",185,,https://digicoll.lib.berkeley.edu/record/264400,https://ranchos.archivesofcalifornia.com/r/rancho-san-juan-bautista.html,yes,sole
rancho-santa-gertrudes-1,Santa Gertrudes (Mc Farland & Downey),1834,figueroa,Jose Figueroa,Josefa Cota de Nieto,17602,5,Los Angeles,SD 194,Confirmed,James P. McFarland and John G. Downey,"Aug. 19, 1870","17,602.01",466,,https://digicoll.lib.berkeley.edu/record/268898,https://ranchos.archivesofcalifornia.com/r/rancho-santa-gertrudes-1.html,yes,sole
rancho-olompali,Olompali,1843,micheltorena,Micheltorena,C. Ynitia,8877,2,Marin,ND 010,Confirmed,Camilo Inita,"Dec. 18, 1862","8,877.48",48,,https://digicoll.lib.berkeley.edu/record/264403,https://ranchos.archivesofcalifornia.com/r/rancho-olompali.html,yes,sole
rancho-san-antonio-2,San Antonio,1820,spanish,Solá,Luís María Peralta,15207,,,ND 098,Confirmed,,"June 25, 1874",,130,,https://digicoll.lib.berkeley.edu/record/102017,https://ranchos.archivesofcalifornia.com/r/rancho-san-antonio-2.html,yes,unresolved
rancho-huerhuero,Huerhuero,1842,alvarado,Alvarado,Original grantee = Mariano Bonilla,15684,,San Luis Obispo,SD 196,Confirmed,Francis Branch,"Aug. 9, 1866","15,684.95",315,,https://digicoll.lib.berkeley.edu/record/267540,https://ranchos.archivesofcalifornia.com/r/rancho-huerhuero.html,yes,sole
rancho-rincon-puente-monte,Rincon De La Puente Del Monte,1836,interim,the interim government,Teodora Gonzales,15218,,Monterey,SD 101,Confirmed,Teodoro Gonzales,"Nov. 28, 1866","15,218.62",272,,https://digicoll.lib.berkeley.edu/record/265844,https://ranchos.archivesofcalifornia.com/r/rancho-rincon-puente-monte.html,yes,sole
rancho-cucamonga,Cucamonga,1839,alvarado,Alvarado,Tiburcio Tapia,13045,3,San Bernardino,SD 214,Confirmed,Leon V. Prudhomme,"Dec. 9, 1872","13,045.21",479,,https://digicoll.lib.berkeley.edu/record/267557,https://ranchos.archivesofcalifornia.com/r/rancho-cucamonga.html,yes,sole
rancho-monserate,Monserate,1846,pico,Pio Pico,Y. M. Alvarado,13322,3,San Diego,SD 224,Confirmed,Isidro Alvarado,"July 17, 1872","13,322.90",506,,https://digicoll.lib.berkeley.edu/record/267565,https://ranchos.archivesofcalifornia.com/r/rancho-monserate.html,yes,sole
rancho-santa-rita,Santa Rita (Malo),1845,pico,Pío Pico,Jose Ramon Malo,13316,,,SD 219,Confirmed,Jose Ramon Malo,"June 25, 1875","13,316.05",323,,https://digicoll.lib.berkeley.edu/record/267561,https://ranchos.archivesofcalifornia.com/r/rancho-santa-rita.html,yes,sole
rancho-canada-hambre-bolsas-1,Canada Del Hambre Y Las Bolsas,1841,alvarado,Alvarado,Teodora Soto,13353,2,Contra Costa,ND 308,Confirmed,Teodora Soto,"Dec. 31, 1866","13,353.95",114,,https://digicoll.lib.berkeley.edu/record/256637,https://ranchos.archivesofcalifornia.com/r/rancho-canada-hambre-bolsas-1.html,yes,duplicate
rancho-san-bernardo-1,San Bernardo (Snook),1842,alvarado,Alvarado,Jose Francisco Snook,17763,,,SD 341,Confirmed,,,,524,,https://digicoll.lib.berkeley.edu/record/102016,https://ranchos.archivesofcalifornia.com/r/rancho-san-bernardo-1.html,yes,sole
rancho-niscasio-1,Niscasio (Black),1844,micheltorena,Micheltorena,"Henry W. Hallack, James Black, and Benjamin R. Buckelew",30848,,,ND 392,Confirmed,"Henry W. Hallack, James Black, and Benjamin R. Buckelew","Nov. 1, 1861",,32,,https://digicoll.lib.berkeley.edu/record/264241,https://ranchos.archivesofcalifornia.com/r/rancho-niscasio-1.html,yes,unresolved
rancho-bolsa-san-cayetano,Bolsa De San Cayetano,1817,spanish,a Spanish governor,José de Jesús Vallejo,8866,,Monterey,SD 035,Confirmed,Jose de Jesus Vallejo,"Feb. 14, 1865","8,866.43",221,,https://digicoll.lib.berkeley.edu/record/266074,https://ranchos.archivesofcalifornia.com/r/rancho-bolsa-san-cayetano.html,yes,sole
rancho-santa-ana,Santa Ana,1837,alvarado,Alvarado,Crisogono Ayala and Cosme Vanegas,21522,,Ventura,SD 097,Confirmed,Crisgono Ayala et al,"Dec. 22, 1870","21,522.04",388,,https://digicoll.lib.berkeley.edu/record/265841,https://ranchos.archivesofcalifornia.com/r/rancho-santa-ana.html,yes,sole
rancho-arroyo-seco,Arroyo Seco (Torre),1840,alvarado,Alvarado,J. de la Torre,16523,4,,SD 040,Confirmed,Joaquin de la Torre,"June 30, 1859","16,523",297,,https://digicoll.lib.berkeley.edu/record/266077,https://ranchos.archivesofcalifornia.com/r/rancho-arroyo-seco.html,yes,sole
rancho-santa-rosa,Santa Rosa (Estrada),1841,alvarado,Alvarado,Julian Estrada,13183,,,SD 073,Confirmed,Julian Estrada,"Mar. 18, 1865","13,183.62",323,,https://digicoll.lib.berkeley.edu/record/265823,https://ranchos.archivesofcalifornia.com/r/rancho-santa-rosa.html,yes,sole
rancho-canada-raymundo,Canada De Raymundo,1840,alvarado,Alvarado,John Coppinger,12545,,San Mateo,ND 075,Confirmed,Maria Luisa Greer and Manuela Coppinger,"July 19, 1859","12,545.01",168,,https://digicoll.lib.berkeley.edu/record/264458,https://ranchos.archivesofcalifornia.com/r/rancho-canada-raymundo.html,yes,sole
rancho-canada-pala,Canada De Pala,1839,alvarado,Alvarado,J. de Jesus Bernal,15714,,Santa Clara,ND 373,Confirmed,"José de Jesus Bernal, José Antonion Bernal, and Juan Bernal y Castro","Mar. 9, 1863","15,714.10",181,,https://digicoll.lib.berkeley.edu/record/264209,https://ranchos.archivesofcalifornia.com/r/rancho-canada-pala.html,yes,sole
rancho-collayomi,Collayomi,1844,micheltorena,Micheltorena,Robert F. Ridley,8241,3,Lake,ND 014,Confirmed,A.A. Ritchie and P.S. Forbes,"Jan. 5, 1863","8,241.74",59,,https://digicoll.lib.berkeley.edu/record/264406,https://ranchos.archivesofcalifornia.com/r/rancho-collayomi.html,yes,sole
rancho-niguel,Niguel,1842,alvarado,Alvarado,J. Abila et al,13316,3,Orange,SD 130,Confirmed,Juan Abila et al,"Apl. 5, 1875","13,316.01",501,,https://digicoll.lib.berkeley.edu/record/265869,https://ranchos.archivesofcalifornia.com/r/rancho-niguel.html,yes,sole
rancho-catacula,Catacula,1844,micheltorena,Micheltorena,José B. Chiles,8545,,Napa,ND 072,Confirmed,Joseph B. Chiles,"Apl. 22, 1865","8,545.72",82,,https://digicoll.lib.berkeley.edu/record/264455,https://ranchos.archivesofcalifornia.com/r/rancho-catacula.html,yes,sole
rancho-quito,Quito,1841,alvarado,Alvarado,Jose Z. Fernandez and Jose Noriega,309,,Santa Clara,ND 226,Confirmed,Manuel Alviso,"May 14, 1866",,187,,https://digicoll.lib.berkeley.edu/record/266038,https://ranchos.archivesofcalifornia.com/r/rancho-quito.html,yes,sole
rancho-san-vincente,San Vincente (Escarrilla),1846,pico,Pio Pico,B. A. Escarilla,10802,,,SD 280,Confirmed,Blas A. Escamillo,"May 6, 1870","10,802.60",204,,https://digicoll.lib.berkeley.edu/record/268907,https://ranchos.archivesofcalifornia.com/r/rancho-san-vincente.html,yes,sole
rancho-sanel,Sanel,1844,micheltorena,Micheltorena,Fernando Feliz,17754,,Mendocino,ND 022,Confirmed,Fernando Feliz,"Dec. 18, 1860","17,754.38",24,,https://digicoll.lib.berkeley.edu/record/264411,https://ranchos.archivesofcalifornia.com/r/rancho-sanel.html,yes,sole
rancho-san-jose-1,San Jose (Dalton Et Al),1837,alvarado,Alvarado,Y. Palomares,4430,2,Los Angeles,SD 122,Confirmed,"Henry Dalton, Ignacio Palomares, and Ricardo Vijar","Dec. 4, 1875","4,430.64",457,,https://digicoll.lib.berkeley.edu/record/265863,https://ranchos.archivesofcalifornia.com/r/rancho-san-jose-1.html,yes,sole
rancho-tulucay,Tulucay,1841,alvarado,Alvarado,Cayetano Juarez,8865,,Napa,ND 045,Confirmed,Cayetano Juarez,"Jan. 31, 1861","8,865.58",75,,https://digicoll.lib.berkeley.edu/record/264432,https://ranchos.archivesofcalifornia.com/r/rancho-tulucay.html,yes,sole
rancho-santa-anita,Santa Anita,1845,pico,Alvarado (finally Pio Pico),Perfecto Hugo Reid,13319,3,Los Angeles,SD 086,Confirmed,Henry Dalton,"Aug. 9, 1866","13,319.06",454,,https://digicoll.lib.berkeley.edu/record/265833,https://ranchos.archivesofcalifornia.com/r/rancho-santa-anita.html,yes,sole
rancho-canada-capitancillos,Canada De Los Capitancillos,1842,alvarado,Alvarado,Justo Larios,3360,three-fourths,Santa Clara,ND 132,Patented,Charles Fossatt,"Feb. 3, 1865","3,360.48",194,20 How. 413; 21 How. 445,https://digicoll.lib.berkeley.edu/record/265492,https://ranchos.archivesofcalifornia.com/r/rancho-canada-capitancillos.html,yes,sole
rancho-vallecitos-san-marcos,Los Vallecitos De San Marcos,1840,alvarado,Alvarado,Jose Maria Alvarado,8877,2,San Diego,SD 192,Confirmed,Lorenzo Soto,"Mar. 1, 1883","8,877.49",200,,https://digicoll.lib.berkeley.edu/record/264215,https://ranchos.archivesofcalifornia.com/r/rancho-vallecitos-san-marcos.html,yes,sole
rancho-santa-manuela,Santa Manuela,1837,alvarado,Alvarado,Francisco Branch,16954,,San Luis Obispo,SD 024,Confirmed,Francisco Branch,"Aug. 22, 1868","16,954.83",338,,https://digicoll.lib.berkeley.edu/record/266064,https://ranchos.archivesofcalifornia.com/r/rancho-santa-manuela.html,yes,sole
rancho-sierra,La Sierra (Sepulveda),1846,pico,Pio Pico,V. Sepulveda,17774,4,Riverside,SD 362,Confirmed,Vicenta Sepulveda,"Apl. 28, 1877","17,774.19",484,,https://digicoll.lib.berkeley.edu/record/268984,https://ranchos.archivesofcalifornia.com/r/rancho-sierra.html,yes,sole
rancho-san-antonio-3,San Antonio (A. M. Peralta),1820,spanish,Solá,Luis María Peralta,15207,,,ND 098,Confirmed,,"June 25, 1874",,130,,https://digicoll.lib.berkeley.edu/record/102017,https://ranchos.archivesofcalifornia.com/r/rancho-san-antonio-3.html,yes,unresolved
rancho-valle-paro-santa-maria,Valle De Paro Or Santa Maria,1843,micheltorena,Micheltorena,J. J. Ortega and Eduardo Stokes,17708,4,,SD 195,Confirmed,Jose Joaquin Ortega et al,"July 30, 1872","17,708.85",514,,https://digicoll.lib.berkeley.edu/record/268899,https://ranchos.archivesofcalifornia.com/r/rancho-valle-paro-santa-maria.html,yes,sole
rancho-san-francisco-llagas,San Francisco De Las Llagas,1834,figueroa,Jose Figueroa,Carlos Castro,22283,6,Santa Clara,ND 147,Confirmed,James and Martin Murphy,"Mar. 19, 1868","22,283.24",226,,https://digicoll.lib.berkeley.edu/record/265507,https://ranchos.archivesofcalifornia.com/r/rancho-san-francisco-llagas.html,yes,sole
rancho-encinal-buena-esperanza,Encinal Y Buena Esperanza,1834,figueroa,Jose Figueroa; Alvarado,D. S. Spence,13351,2,Monterey,SD 004,Confirmed,David S. Spence,"May 23, 1862","13,351.64",269,,https://digicoll.lib.berkeley.edu/record/266045,https://ranchos.archivesofcalifornia.com/r/rancho-encinal-buena-esperanza.html,yes,sole
rancho-temascal,Temascal,1843,micheltorena,Micheltorena,Francisco Lopez and Jose Arellanes - concession decree,13339,,,SD 153,Confirmed,Ramon de la Cuesta and Francisco Gonzales Camino,"Sept. 10, 1871","13,339.07",398,,https://digicoll.lib.berkeley.edu/record/266113,https://ranchos.archivesofcalifornia.com/r/rancho-temascal.html,yes,sole
rancho-trabuco,Trabuco,1846,pico,Pico,Santiago Arguello et al,22184,5,Orange,SD 216,Confirmed,Juan Forster,"Aug. 6, 1866","22,184.47",497,,https://digicoll.lib.berkeley.edu/record/267559,https://ranchos.archivesofcalifornia.com/r/rancho-trabuco.html,yes,sole
rancho-potrero-cerritos,Potrero De Las Cerritos,1844,micheltorena,Micheltorena,Tomás Pacheco and Agustín Alviso,10610,,Alameda,ND 119,Confirmed,Thomas Pacheco and Augustine Alviso,"Feb. 21, 1866","10,610.26",134,,https://digicoll.lib.berkeley.edu/record/265479,https://ranchos.archivesofcalifornia.com/r/rancho-potrero-cerritos.html,yes,sole
rancho-santa-rita-1,Santa Rita,1839,alvarado,Alvarado,J. D. Pacheco,8894,,Alameda,ND 155,Confirmed,Jose Dolores Pacheco,"Mar. 18, 1865","8,894.01",119,23 Howard 495,https://digicoll.lib.berkeley.edu/record/265515,https://ranchos.archivesofcalifornia.com/r/rancho-santa-rita-1.html,yes,sole
rancho-nicasio,Nicasio (Buckelew),1844,micheltorena,Micheltorena,"Henry W. Hallack, James Black, and Benjamin R. Buckelew",30848,,Marin,ND 392,Confirmed,"Henry W. Hallack, James Black, and Benjamin R. Buckelew","Nov. 1, 1861",,32,,https://digicoll.lib.berkeley.edu/record/264241,https://ranchos.archivesofcalifornia.com/r/rancho-nicasio.html,yes,unresolved
rancho-tzabaco,Tzabaco,1843,micheltorena,Micheltorena,José de Jesús Peña,15439,,Sonoma,ND 374,Confirmed,the heirs of José German Peña,"Nov. 19, 1859","15,439.32",55,,https://digicoll.lib.berkeley.edu/record/264210,https://ranchos.archivesofcalifornia.com/r/rancho-tzabaco.html,yes,sole
rancho-llano-seco,Llano Seco,1845,pico,Pío Pico,Sebastian Kayser,17767,,Butte,ND 398,Confirmed,Charles J. Brenham et al,"June 18, 1860","17,767.17",12,,https://digicoll.lib.berkeley.edu/record/264245,https://ranchos.archivesofcalifornia.com/r/rancho-llano-seco.html,yes,sole
rancho-penasquitos,Los Penasquitos,1823,interim,Luis Antonio Arguello,Francisco Maria Ruiz,13316,2,San Diego,SD 142,Confirmed,Francisco M. Ruiz,"Apl. 13, 1876","8,486.01",525,,https://digicoll.lib.berkeley.edu/record/265878,https://ranchos.archivesofcalifornia.com/r/rancho-penasquitos.html,yes,sole
rancho-cotate,Cotate,1844,micheltorena,Micheltorena,Juan Castaneda,17238,4,Sonoma,ND 156,Confirmed,Thomas S. Page,"Feb. 18, 1858","17,238.60",65,,https://digicoll.lib.berkeley.edu/record/265516,https://ranchos.archivesofcalifornia.com/r/rancho-cotate.html,yes,sole
rancho-corralitos,Los Corralitos,1844,micheltorena,Micheltorena,Jose Amesti,15440,4,Santa Cruz,SD 175,Confirmed,Jose Amesti,"Feb. 28, 1861","15,440.02",218,,https://digicoll.lib.berkeley.edu/record/266133,https://ranchos.archivesofcalifornia.com/r/rancho-corralitos.html,yes,sole
rancho-llano-tequisquita,Llano Del Tequisquita,1835,interim,Castro,José M. Sanchez,16016,,,SD 106,Confirmed,Vicente Sanchez et al,"Dec. 29, 1871","16,016.30",230,,https://digicoll.lib.berkeley.edu/record/265848,https://ranchos.archivesofcalifornia.com/r/rancho-llano-tequisquita.html,yes,sole
rancho-canada-vaqueros,Canada De Los Vaqueros,1844,micheltorena,Micheltorena,Francisco Alvisu et al,17760,,Contra Costa,ND 386,Confirmed,Robert Livermore and Jose Noriega,"Nov. 22, 1889","17,760.00",109,,https://digicoll.lib.berkeley.edu/record/256659,https://ranchos.archivesofcalifornia.com/r/rancho-canada-vaqueros.html,yes,sole
rancho-laguna-seca-1,La Laguna Seca,1834,figueroa,Figueroa,Juan Alvirez,19972,,,ND 211,Confirmed,Liberta Cese\u00f1a Bull et al,"Nov. 24, 1865","19,972.92",196,,https://digicoll.lib.berkeley.edu/record/265803,https://ranchos.archivesofcalifornia.com/r/rancho-laguna-seca-1.html,yes,sole
rancho-cosumnes,Cosumnes,1844,micheltorena,Micheltorena,William E. P. Hartnell,26605,5,Sacramento,ND 362,Confirmed,the heirs of W.E.P. Hartnell,"Apl. 29, 1869","26,605.37",94,22 Howard 286,https://digicoll.lib.berkeley.edu/record/264199,https://ranchos.archivesofcalifornia.com/r/rancho-cosumnes.html,yes,sole
rancho-yajome,Yajome,1841,alvarado,Alvarado,Damaso Antonio Rodriguez,6652,1½,Napa,ND 039,Confirmed,Salvador Vallejo,"Sept. 16, 1864","6,652.58",77,,https://digicoll.lib.berkeley.edu/record/264426,https://ranchos.archivesofcalifornia.com/r/rancho-yajome.html,yes,sole
rancho-san-emigdio,San Emigdio,1842,alvarado,Alvarado,Jose Antonio Dominguez,17709,4,,SD 344,Patented,Francisco Dominguez and John C. Fremont,"Apl. 10, 1866","17,709.79",343,,https://digicoll.lib.berkeley.edu/record/268966,https://ranchos.archivesofcalifornia.com/r/rancho-san-emigdio.html,yes,sole
rancho-san-ramon-amador,San Ramon {Amador},1834,figueroa,Figueroa,José María Amador,16516,,Contra Costa,ND 144,Confirmed,Jose Maria Amador,"Mar. 18, 1865","16,516.95",118,,https://digicoll.lib.berkeley.edu/record/265504,https://ranchos.archivesofcalifornia.com/r/rancho-san-ramon-amador.html,yes,sole
rancho-punta-quintin,Punta De Quintin,1840,alvarado,Alvarado,Juan B. R. Cooper,8877,2,,ND 372,Confirmed,Benjamin R. Buckelew,"Apl. 10, 1866","8,877.44",41,,https://digicoll.lib.berkeley.edu/record/264208,https://ranchos.archivesofcalifornia.com/r/rancho-punta-quintin.html,yes,sole
rancho-llano-santa-rosa,Llano De Santa Rosa,1844,micheltorena,Micheltorena,Joaquín Carrillo,13316,,Sonoma,ND 058,Confirmed,Joaquin Carrillo,"Nov. 27, 1865","13,316.03",64,,https://digicoll.lib.berkeley.edu/record/264444,https://ranchos.archivesofcalifornia.com/r/rancho-llano-santa-rosa.html,yes,sole
rancho-tomales-baulines,Tomales Y Baulines (Garcia),1836,interim,the interim government,Rafael García,9467,,Marin,ND 068,Confirmed,Rafael Garcia,"Oct. 15, 1883","9,467.77",38,,https://digicoll.lib.berkeley.edu/record/264452,https://ranchos.archivesofcalifornia.com/r/rancho-tomales-baulines.html,yes,sole
rancho-uvas,Las Uvas,1842,alvarado,Alvarado,Lorenzo Pineda,11079,3,Santa Clara,ND 174,Confirmed,Martin J.C. Murphy,"Feb. 18, 1860","11,079.93",200,,https://digicoll.lib.berkeley.edu/record/265534,https://ranchos.archivesofcalifornia.com/r/rancho-uvas.html,yes,sole
rancho-baulines,Las Baulines,1846,pico,Pio Pico,G. Briones,8911,2,Marin,ND 189,Confirmed,Gregorio Briones,"Jan. 9, 1866","8,911.34",35,,https://digicoll.lib.berkeley.edu/record/265785,https://ranchos.archivesofcalifornia.com/r/rancho-baulines.html,yes,sole
rancho-arroyo-nueces-bolbones,Arroyo De Las Nueces Y Bolbones,1834,figueroa,Jose Figueroa,J. S. de Pacheco,17782,2,Contra Costa,ND 046,Confirmed,the heirs of Juana Sanchez de Pacheco,"Apl. 18, 1866","17,782.48",115,20 Howard 261,https://digicoll.lib.berkeley.edu/record/264433,https://ranchos.archivesofcalifornia.com/r/rancho-arroyo-nueces-bolbones.html,yes,sole
rancho-san-carlos-jonata,San Carlos De Jonata,1845,pico,Pio Pico,J. Carrillo et al,26634,6,Santa Barbara,SD 156,Confirmed,Joaquin and Jose M. Covarrubias,"Dec. 2, 1872","26,634.31",369,,https://digicoll.lib.berkeley.edu/record/266116,https://ranchos.archivesofcalifornia.com/r/rancho-san-carlos-jonata.html,yes,sole
rancho-laguna-1,La Laguna (Stearns),1844,micheltorena,Micheltorena,Julian Manriquez,13338,3,Riverside,SD 161,Confirmed,Abel Stearns,"Sept. 3, 1872","13,338.84",495,,https://digicoll.lib.berkeley.edu/record/266120,https://ranchos.archivesofcalifornia.com/r/rancho-laguna-1.html,yes,sole
rancho-flores,Las Flores,1844,micheltorena,Micheltorena,Guillermo G. Chard,13315,,Tehama,ND 025,Confirmed,William G. Chard,"Sept. 19, 1859","13,315.58",4,,https://digicoll.lib.berkeley.edu/record/264413,https://ranchos.archivesofcalifornia.com/r/rancho-flores.html,yes,sole
rancho-santa-ysabel,Santa Ysabel,1844,micheltorena,Micheltorena,José Ortega and Eduardo Stokes,17719,,San Diego,SD 191,Confirmed,Jose Joaquin Ortega et al,"May 14, 1872","17,719.40",510,,https://digicoll.lib.berkeley.edu/record/267538,https://ranchos.archivesofcalifornia.com/r/rancho-santa-ysabel.html,yes,sole
rancho-suisun,Suisun,1842,alvarado,Alvarado,Francisco Solano,754,4,Solano,ND 002,Confirmed,,"Jan. 17, 1857",,91,17 How. 524,https://digicoll.lib.berkeley.edu/record/264397,https://ranchos.archivesofcalifornia.com/r/rancho-suisun.html,yes,sole
rancho-sierra-1,La Sierra (Yorba),1846,pico,Pio Pico,B. Yorba,17786,4,Riverside,SD 126,Confirmed,Bernardo Yorba,"Feb. 4, 1875","17,786.89",485,,https://digicoll.lib.berkeley.edu/record/265866,https://ranchos.archivesofcalifornia.com/r/rancho-sierra-1.html,yes,sole
rancho-rio-molinos,Rio De Los Molinos,1844,micheltorena,Micheltorena,Alberto J. Toomes,22172,,Tehama,ND 091,Confirmed,Albert J. Toomes,"Dec. 3, 1858","22,172.46",6,,https://digicoll.lib.berkeley.edu/record/265453,https://ranchos.archivesofcalifornia.com/r/rancho-rio-molinos.html,yes,sole
rancho-sobrante,El Sobrante,1841,alvarado,Alvarado,Juan José and Victor Castro,19982,,Contra Costa,ND 403,Confirmed,Juan José and Victor Castro,"Aug. 11, 1883","19,982.49",550,,https://digicoll.lib.berkeley.edu/record/264250,https://ranchos.archivesofcalifornia.com/r/rancho-sobrante.html,yes,sole
rancho-canon-santa-ana,Canon De Santa Ana,1834,figueroa,Jose Figueroa,B. Yorba,13328,3,Orange,SD 089,Confirmed,Bernardo Yorba,"July 25, 1866","13,328.53",475,,https://digicoll.lib.berkeley.edu/record/265836,https://ranchos.archivesofcalifornia.com/r/rancho-canon-santa-ana.html,yes,sole
rancho-san-gregorio,San Gregorio (Rogriguez),1839,alvarado,Alvarado,Antonino Buelna,13344,3,San Mateo,ND 088,Confirmed,"Encarcacion Chino Rodriguez, widow of Antonio Buelna","Feb. 19, 1861","13,344.15",171,,https://digicoll.lib.berkeley.edu/record/265450,https://ranchos.archivesofcalifornia.com/r/rancho-san-gregorio.html,yes,sole
rancho-san-miguelito,San Miguelito,1839,alvarado,Alvarado,M. Abila,14198,2,San Luis Obispo,SD 037,Confirmed,Miguel Abila,"Feb. 23, 1877","14,198.20",335,,https://digicoll.lib.berkeley.edu/record/256661,https://ranchos.archivesofcalifornia.com/r/rancho-san-miguelito.html,yes,sole
rancho-tularcitos-1,Los Tularcitos (Gomez),1834,figueroa,Figueroa,Rafael Gomez,26531,6,,SD 003,Confirmed,"Felipe Gomez et al, heirs of Ramon Gomez","Mar. 12, 1866","26,531.34",291,,https://digicoll.lib.berkeley.edu/record/266044,https://ranchos.archivesofcalifornia.com/r/rancho-tularcitos-1.html,yes,sole
rancho-san-diego-island,San Diego Island,1846,pico,Pio Pico,Pedro C. Carrillo,4185,1/2,San Diego,SD 257,Confirmed,Archibald C. Peachy and William H. Aspinwall,"June 11, 1869","4,185.46",527,,https://digicoll.lib.berkeley.edu/record/267598,https://ranchos.archivesofcalifornia.com/r/rancho-san-diego-island.html,yes,sole
rancho-pleyto,Pleyto,1845,pico,Pio Pico,Antonio Chaves,13299,3,,SD 288,Confirmed,William S. Johnson et al,"Mar. 7, 1872","13,299.27",312,,https://digicoll.lib.berkeley.edu/record/268915,https://ranchos.archivesofcalifornia.com/r/rancho-pleyto.html,yes,sole
rancho-temecula,Temecula,1844,micheltorena,Micheltorena,Luis Vignes,26608,,Riverside,SD 119,Confirmed,Luis Vignes,"Jan. 18, 1860","26,608.94",492,,https://digicoll.lib.berkeley.edu/record/265860,https://ranchos.archivesofcalifornia.com/r/rancho-temecula.html,yes,sole
rancho-santa-ysabel-1,Santa Ysabel,1844,micheltorena,Micheltorena,F. Arce,17774,4,,SD 042,Confirmed,Francisco Arce,"May 1, 1866","17,774.12",319,,https://digicoll.lib.berkeley.edu/record/266079,https://ranchos.archivesofcalifornia.com/r/rancho-santa-ysabel-1.html,yes,sole
rancho-guilicos,Los Guilicos,1837,alvarado,Alvarado,John Wilson,18833,4,Sonoma,ND 094,Confirmed,William Hood,"June 16, 1866","18,833.86",66,,https://digicoll.lib.berkeley.edu/record/256560,https://ranchos.archivesofcalifornia.com/r/rancho-guilicos.html,yes,sole
rancho-boca-canada-pinole,La Boca De La Canada Del Pinole,1842,alvarado,Alvarado,María Manuela Valencia,13316,,Contra Costa,ND 138,Confirmed,Maria Manuela Valencia,"Nov. 30, 1878","13,316.26",125,,https://digicoll.lib.berkeley.edu/record/265498,https://ranchos.archivesofcalifornia.com/r/rancho-boca-canada-pinole.html,yes,sole
rancho-corte-madera,El Corte De Madera,1844,micheltorena,Micheltorena,Maximo Martinez,13316,2,Santa Clara,ND 036,Confirmed,Maximo Martinez,"June 19, 1858","13,316.05",173,,https://digicoll.lib.berkeley.edu/record/264423,https://ranchos.archivesofcalifornia.com/r/rancho-corte-madera.html,yes,sole
rancho-positas,Las Positas,1839,alvarado,Alvarado,Jose Noriega and Robert Livermore,8880,2,Alameda,ND 135,Confirmed,"Jose Noriega, Robert Livermore, and Josefa Higuera Livermore, Administrators","May 25, 1872","8,880.00",120,,https://digicoll.lib.berkeley.edu/record/265495,https://ranchos.archivesofcalifornia.com/r/rancho-positas.html,yes,sole
rancho-castac,Castac,1843,micheltorena,Micheltorena,J. M. Covarrubias,22178,5,Kern,SD 349,Confirmed,Jose Maria Covarrubias,"Nov. 27, 1866","22,178.28",346,,https://digicoll.lib.berkeley.edu/record/268971,https://ranchos.archivesofcalifornia.com/r/rancho-castac.html,yes,sole
rancho-punto-ano-nuevo,Punto Del Ano Nuevo,1842,alvarado,Alvarado,Simeon Castro,17753,4,,ND 070,Confirmed,Simeon Castro,"Dec. 3, 1857",,205,,https://digicoll.lib.berkeley.edu/record/264453,https://ranchos.archivesofcalifornia.com/r/rancho-punto-ano-nuevo.html,yes,sole
rancho-san-juan-cajon-santa-ana,San Juan Cajon De Santa Ana,1837,alvarado,Alvarado,J. P. Ontiveros,35970,,Orange,SD 140,Confirmed,Juan P. Ontiveras,"May 21, 1877","35,970.92",473,,https://digicoll.lib.berkeley.edu/record/264494,https://ranchos.archivesofcalifornia.com/r/rancho-san-juan-cajon-santa-ana.html,yes,sole
rancho-posas,Las Posas,1834,figueroa,Figueroa,Jose Carrillo,26623,,Ventura,SD 117,Confirmed,Jose de la Guerra y Noriega,"Feb. 18, 1871","26,623.36",401,,https://digicoll.lib.berkeley.edu/record/265858,https://ranchos.archivesofcalifornia.com/r/rancho-posas.html,yes,sole
rancho-corral-piedra,Corral De Piedra,1841,alvarado,Alvarado,J. M. Villavicencia,30911,2,San Luis Obispo,SD 045,Confirmed,Jose Maria Villavicencio,"Oct. 29, 1867","30,911.20",337,,https://digicoll.lib.berkeley.edu/record/266082,https://ranchos.archivesofcalifornia.com/r/rancho-corral-piedra.html,yes,sole
rancho-sespe-no-2,Sespe No. 2,1833,figueroa,Jose Figueroa,C. A. Carrillo,8880,6,Ventura,SD 032,Confirmed,Thomas W. More,"Mar. 14, 1872","8,880.81",397,,https://digicoll.lib.berkeley.edu/record/266071,https://ranchos.archivesofcalifornia.com/r/rancho-sespe-no-2.html,yes,share_of_grant
rancho-san-ramon,San Ramon (Carpentier),1833,figueroa,Figueroa,Bartolome Pacheco and Mariano Castro,8917,,Contra Costa,ND 322,Confirmed,H. W. Carpentier et al,"April 7, 1866","8,917.36",116,,https://digicoll.lib.berkeley.edu/record/256649,https://ranchos.archivesofcalifornia.com/r/rancho-san-ramon.html,yes,sole
rancho-yerba-buena,Yerba Buena,1833,figueroa,Figueroa,Antonio Chaboya,24342,,Santa Clara,ND 213,Confirmed,Antonio Chaboya,"Jan. 3, 1859","24,342.64",183,,https://digicoll.lib.berkeley.edu/record/265805,https://ranchos.archivesofcalifornia.com/r/rancho-yerba-buena.html,yes,sole
rancho-santa-rosa-1,Santa Rosa (Cota),1839,alvarado,Alvarado,Francisco Cota -,15526,,Santa Barbara,SD 294,Confirmed,Maria Jesus Olivera de Cota,"Apr. 30, 1872",,370,,https://digicoll.lib.berkeley.edu/record/102019,https://ranchos.archivesofcalifornia.com/r/rancho-santa-rosa-1.html,yes,sole
rancho-san-lorenzo-1,San Lorenzo (Randall),1842,alvarado,Alvarado,Francisco Rico,22264,5,,SD 253,Confirmed,"Elizabeth T. Randall et al, heirs of Andrew Randall","June 4, 1870","22,264.47",302,,https://digicoll.lib.berkeley.edu/record/267594,https://ranchos.archivesofcalifornia.com/r/rancho-san-lorenzo-1.html,yes,sole
rancho-bolsa-chica,La Bolsa Chica,1841,alvarado,Alvarado,J. Ruiz,8107,2,Orange,SD 205,Confirmed,Joaquin Ruiz,"May 7, 1874","8,107.46",469,,https://digicoll.lib.berkeley.edu/record/267549,https://ranchos.archivesofcalifornia.com/r/rancho-bolsa-chica.html,yes,sole
rancho-san-miguelito-1,San Miguelito,1841,alvarado,Jimeno; Alvarado,José R. Gonzalez,22135,,,SD 018,Confirmed,Mauricio Gonzales,"Aug. 8, 1867","22,135.91",,,https://digicoll.lib.berkeley.edu/record/266059,https://ranchos.archivesofcalifornia.com/r/rancho-san-miguelito-1.html,yes,sole
rancho-guenoc,Guenoc,1845,pico,Pio Pico,George Rock,21220,6,Lake,ND 013,Confirmed,Archibald A. Ritchie and Paul S. Forbes,"May 22, 1865","21,220.03",58,,https://digicoll.lib.berkeley.edu/record/264405,https://ranchos.archivesofcalifornia.com/r/rancho-guenoc.html,yes,sole
rancho-san-marcos,San Marcos,1846,pico,Pío Pico,Nicolas A. Den and Richard S. Den,35573,,Santa Barbara,SD 364,Confirmed,Nicolas A. Den and Richard Den,"Sept. 6, 1869","35,573.10",364,,https://digicoll.lib.berkeley.edu/record/268986,https://ranchos.archivesofcalifornia.com/r/rancho-san-marcos.html,yes,sole
rancho-monte-diablo,Monte Del Diablo,1834,figueroa,Jose Figueroa,S. Pacheco,17921,,Contra Costa,ND 020,Confirmed,Salvio Pacheco,"Mar. 19, 1859","17,921",112,,https://digicoll.lib.berkeley.edu/record/264409,https://ranchos.archivesofcalifornia.com/r/rancho-monte-diablo.html,yes,sole
rancho-tomales-baulines-1,Tomales Y Baulines (Phelps),1836,interim,the interim government,James Richard Berry,13644,,Marin,ND 418,Confirmed,Bethuel Phelps,"Feb. 26, 1866","13,644.66",37,,https://digicoll.lib.berkeley.edu/record/264264,https://ranchos.archivesofcalifornia.com/r/rancho-tomales-baulines-1.html,yes,sole
rancho-valle-san-jose,Valle De San Jose (Portilla),1836,interim,the interim government,Silvestre de la Portilla,17634,,San Diego,SD 144,Confirmed,Silvestre de la Portilla,"Jan. 10, 1880","17,634.06",508,,https://digicoll.lib.berkeley.edu/record/265880,https://ranchos.archivesofcalifornia.com/r/rancho-valle-san-jose.html,yes,sole
rancho-rio-putos,Rio De Los Putos,1842,alvarado,Alvarado,Guillermo Wolfskill,17754,4,Solano,ND 232,Confirmed,William Wolfskill,"Dec. 18, 1858","17,754.73",87,,https://digicoll.lib.berkeley.edu/record/256566,https://ranchos.archivesofcalifornia.com/r/rancho-rio-putos.html,yes,sole
rancho-dos-pueblos,Los Dos Pueblos,1842,alvarado,Alvarado,Nicholás August Den,15534,,Santa Barbara,SD 150,Confirmed,Nicholas A. Den,"Feb. 23, 1877","15,534.76",381,,https://digicoll.lib.berkeley.edu/record/266110,https://ranchos.archivesofcalifornia.com/r/rancho-dos-pueblos.html,yes,sole
rancho-punta-laguna,Punta De La Laguna,1844,micheltorena,Micheltorena,Luis Arrellanes and Emigdio Miguel Ortega,26648,,Santa Barbara,SD 188,Confirmed,Luis Arellanes et al,"Oct. 2, 1873","26,648.42",354,,https://digicoll.lib.berkeley.edu/record/267535,https://ranchos.archivesofcalifornia.com/r/rancho-punta-laguna.html,yes,sole
rancho-huichica,Huichica,1841,alvarado,Jimeno,J. P. Leese,18704,2,Napa,ND 050,Confirmed,Jacob P. Leese,Aug 3. 1859,"18,704.04",72,,https://digicoll.lib.berkeley.edu/record/264437,https://ranchos.archivesofcalifornia.com/r/rancho-huichica.html,yes,sole
rancho-bolsa-chamisal,Bolsa De Chamisal,1837,alvarado,Alvarado,Francisco Quijada,14335,,San Luis Obispo,SD 036,Confirmed,Lewis T. Burton,"Aug. 27, 1867","14,335.22",352,,https://digicoll.lib.berkeley.edu/record/266075,https://ranchos.archivesofcalifornia.com/r/rancho-bolsa-chamisal.html,yes,sole
rancho-sausal-redondo,Sausal Redondo,1837,alvarado,Alvarado,Antonio Ignacio Abila,22458,,Los Angeles,SD 354,Confirmed,Antonio Ignacio Abila,"Mar. 22, 1875","22,458.94",438,,https://digicoll.lib.berkeley.edu/record/268976,https://ranchos.archivesofcalifornia.com/r/rancho-sausal-redondo.html,yes,sole
rancho-ausaymas-san-felipe,Ausaymas Y San Felipe,1833,figueroa,Jose Figueroa; Nicolas Gutierrez,F. P. Pacheco,504,2,Santa Clara,SD 079,Confirmed,,,,233,,https://digicoll.lib.berkeley.edu/record/265827,https://ranchos.archivesofcalifornia.com/r/rancho-ausaymas-san-felipe.html,yes,sole
rancho-todos-santos-san-antonio,Todos Santos Y San Antonio,1841,alvarado,Alvarado,Guillermo E. Hartnell,20772,,Santa Barbara,SD 357,Confirmed,the heirs of William E. P. Hartnell,"Dec. 20, 1876","20,772.17",357,,https://digicoll.lib.berkeley.edu/record/268979,https://ranchos.archivesofcalifornia.com/r/rancho-todos-santos-san-antonio.html,yes,sole
rancho-san-lorenzo-2,San Lorenzo (Castro),1843,alvarado,Manuel Micheltorena,Guillermo Castro,26722,,Alameda,ND 029,Confirmed,Guillermo Castro,"Feb. 14, 1865",,122,,https://digicoll.lib.berkeley.edu/record/264416,https://ranchos.archivesofcalifornia.com/r/rancho-san-lorenzo-2.html,yes,sole
rancho-san-justo,San Justo,1839,alvarado,Alvarado,Jose Castro,34619,4,San Benito,SD 211,Confirmed,Francisco P. Pacheco,"Dec. 6, 1865","34,619.65",238,,https://digicoll.lib.berkeley.edu/record/267555,https://ranchos.archivesofcalifornia.com/r/rancho-san-justo.html,yes,sole
rancho-arroyo-alameda,Arroyo De La Alameda,1842,alvarado,Alvarado,J. de Jesus Vallejo,17705,4,Alameda,ND 060,Confirmed,José de Jesús Vallejo,"Jan. 1, 1858","17,705.38",133,,https://digicoll.lib.berkeley.edu/record/264446,https://ranchos.archivesofcalifornia.com/r/rancho-arroyo-alameda.html,yes,sole
rancho-laguna-san-antonio,Laguna De San Antonio,1845,pico,Pio Pico,B. Bojorquez,24903,6,Marin,ND 061,Confirmed,Bartolome Bojorquez,"Nov. 21, 1871","24,903.42",30,,https://digicoll.lib.berkeley.edu/record/264447,https://ranchos.archivesofcalifornia.com/r/rancho-laguna-san-antonio.html,yes,sole
rancho-barranca-colorada,La Barranca Colorada,1844,micheltorena,Micheltorena,Josiah Belden,17707,4,,ND 371,Confirmed,William B. Ide,"July 3, 1860","17,707.49",3,,https://digicoll.lib.berkeley.edu/record/264207,https://ranchos.archivesofcalifornia.com/r/rancho-barranca-colorada.html,yes,sole
rancho-canada-san-vicente-mesa-padre-barona,Canada De San Vicente Y Mesa Del Padre Barona,1846,pico,Pio Pico,Juan Lopez,13316,3,San Diego,SD 162,Confirmed,Domingo Yorba,"Nov. 17, 1873","13,316.13",513,,https://digicoll.lib.berkeley.edu/record/266121,https://ranchos.archivesofcalifornia.com/r/rancho-canada-san-vicente-mesa-padre-barona.html,yes,sole
rancho-roblar-miseria,Roblar De La Miseria,1845,pico,Pio Pico,Juan Nepomaseno Padillo,16887,4,Sonoma,ND 030,Confirmed,Daniel Wright and all the above named claimants and also Johann A.F. Hyermann,"Jan. 18, 1858","16,887.45",50,,https://digicoll.lib.berkeley.edu/record/264417,https://ranchos.archivesofcalifornia.com/r/rancho-roblar-miseria.html,yes,sole
rancho-san-bernardo-2,San Bernardo (Soberanes),1841,alvarado,Alvarado,M. Soberanes et al,13345,3,,SD 223,Confirmed,Mariano Soberanes,"Mar. 9, 1874","13,345.65",306,,https://digicoll.lib.berkeley.edu/record/267564,https://ranchos.archivesofcalifornia.com/r/rancho-san-bernardo-2.html,yes,sole
rancho-chimiles,Chimiles,1846,pico,Pio Pico,Jose Ygnacio Berreyesa,762,4,Napa,ND 043,Confirmed,William Gordan and Nathan Coombs,"Dec. 19, 1860",762.44,89,,https://digicoll.lib.berkeley.edu/record/264430,https://ranchos.archivesofcalifornia.com/r/rancho-chimiles.html,yes,sole
rancho-saucos,Saucos,1844,micheltorena,Micheltorena,Robert H. Thomes,212,,Tehama,ND 085,Confirmed,,"Oct. 14, 1857",,5,,https://digicoll.lib.berkeley.edu/record/265447,https://ranchos.archivesofcalifornia.com/r/rancho-saucos.html,yes,sole
rancho-cuyama,Cuyama (Maria Antonia De La Guerra Y Lataillade),1843,micheltorena,Micheltorena,Jose Maria Rojo,22193,5,Santa Barbara,SD 365,Confirmed,Maria Antonia de la Guerra y Lataillde,"July 20, 1877","22,193.21",341,,https://digicoll.lib.berkeley.edu/record/268987,https://ranchos.archivesofcalifornia.com/r/rancho-cuyama.html,yes,sole
rancho-canada-pinos-college,Canada De Los Pinos Or College Rancho,1844,micheltorena,Micheltorena,Bishop Francisco Garcia Diego,35499,,Santa Barbara,SD 388,Confirmed,Bishop Joseph S. Alemany,"Feb. 28, 1861","35,499.37",363,,https://digicoll.lib.berkeley.edu/record/269007,https://ranchos.archivesofcalifornia.com/r/rancho-canada-pinos-college.html,yes,share_of_grant
rancho-puerto,Rancho Del Puerto,1844,micheltorena,Micheltorena,Samuel G. Reed and Ruben S. Wade,13340,,Stanislaus,ND 330,Confirmed,Samuel G. Reed and Ruben S. Wade,"Aug. 15, 1864","13,340.39",106,,https://digicoll.lib.berkeley.edu/record/256657,https://ranchos.archivesofcalifornia.com/r/rancho-puerto.html,yes,sole
rancho-san-lorenzo-3,San Lorenzo (Soberanes),1841,alvarado,Alvarado,Feliciano Soberanes,21884,,,SD 027,Confirmed,Feliciano Soberanes,"July 28, 1866","21,884.38",299,,https://digicoll.lib.berkeley.edu/record/266067,https://ranchos.archivesofcalifornia.com/r/rancho-san-lorenzo-3.html,yes,sole
rancho-posa-ositos,Posa De La Ositos,1839,alvarado,Alvarado,C. C. Espinoza,16938,4,Monterey,SD 209,Confirmed,Carlos C. Espinoza,"June 29, 1865","16,938.98",298,,https://digicoll.lib.berkeley.edu/record/267553,https://ranchos.archivesofcalifornia.com/r/rancho-posa-ositos.html,yes,sole
rancho-panoche-san-juan-carrisalitos,Panoche De San Juan Los Carrisalitos,1844,micheltorena,Micheltorena,J. Ursua,22175,5,,SD 181,Confirmed,Julian Ursua and Pedro Romo,"July 30, 1867","22,175.34",235,,https://digicoll.lib.berkeley.edu/record/264276,https://ranchos.archivesofcalifornia.com/r/rancho-panoche-san-juan-carrisalitos.html,yes,sole
rancho-cuyamaca,Cuyamaca,1845,pico,Pio Pico,A. Olvera,501,11,San Diego,SD 124,Confirmed,,"Dec. 19, 1874",,512,,https://digicoll.lib.berkeley.edu/record/265864,https://ranchos.archivesofcalifornia.com/r/rancho-cuyamaca.html,yes,sole
rancho-sisquoc,Sisquoc,1845,pico,Pío Pico,Dona Maria Antonia Dominguez de Caballero,35485,,Santa Barbara,SD 310,Confirmed,James B. Huie,"Aug. 24, 1866","35,485.90",348,,https://digicoll.lib.berkeley.edu/record/268936,https://ranchos.archivesofcalifornia.com/r/rancho-sisquoc.html,yes,sole
rancho-ojai,Ojai,1837,alvarado,Alvarado,Fernando Tico,17716,,Ventura,SD 168,Confirmed,Fernando Tico,"Dec. 22, 1870","17,716.83",389,,https://digicoll.lib.berkeley.edu/record/266126,https://ranchos.archivesofcalifornia.com/r/rancho-ojai.html,yes,sole
rancho-nacion,La Nacion,1845,pico,Pío Pico,Juan Forster,26631,,San Diego,SD 246,Confirmed,Juan Forster,"Feb. 27, 1866","26,631.94",528,,https://digicoll.lib.berkeley.edu/record/267587,https://ranchos.archivesofcalifornia.com/r/rancho-nacion.html,yes,sole
rancho-buri-buri,Buri Buri,1835,interim,the interim government,José de la Cruz Sánchez,14639,,San Mateo,ND 101,Confirmed,Jose de la Cruz Sanchez et al,"Oct. 17, 1872","14,639.19",150,,https://digicoll.lib.berkeley.edu/record/265461,https://ranchos.archivesofcalifornia.com/r/rancho-buri-buri.html,yes,sole
rancho-molinos,Molinos,1836,interim,Jose Figueroa,J. B. R. Cooper,17892,10½,,ND 227,Confirmed,John B. R. Cooper,"April 3, 1858","17,892.42",53,,https://digicoll.lib.berkeley.edu/record/256561,https://ranchos.archivesofcalifornia.com/r/rancho-molinos.html,yes,sole
rancho-farwell,Rancho De Farwell,1844,micheltorena,Micheltorena,Edward A. Farwell,22193,5,Butte,ND 384,Confirmed,James Williams and the heirs of Edward A. Farwell,"July 1, 1863","22,193.93",10,,https://digicoll.lib.berkeley.edu/record/264235,https://ranchos.archivesofcalifornia.com/r/rancho-farwell.html,yes,sole
rancho-san-juan,San Juan,1844,micheltorena,Micheltorena,Joel P. Dedmond,19982,4½,Sacramento,ND 324,Confirmed,Hiram Grimes,"July 9, 1860","19,982.70",97,,https://digicoll.lib.berkeley.edu/record/256651,https://ranchos.archivesofcalifornia.com/r/rancho-san-juan.html,yes,sole
rancho-esquon,Esquon,1844,micheltorena,Micheltorena and J. A. Sutter,S. Neal,22193,5,Butte,ND 179,Confirmed,Samuel Neal,"Apl. 4, 1860","22,193.78",14,,https://digicoll.lib.berkeley.edu/record/265539,https://ranchos.archivesofcalifornia.com/r/rancho-esquon.html,yes,sole
rancho-palos-verdes,Los Palos Verdes,1846,pico,Pio Pico,J. L. Sepulveda et al,31629,,Los Angeles,SD 093,Confirmed,Jose L. and Juan Sepulveda,"June 22, 1880","31,629.43",439,,https://digicoll.lib.berkeley.edu/record/265839,https://ranchos.archivesofcalifornia.com/r/rancho-palos-verdes.html,yes,sole
rancho-ulpinos,Los Ulpinos,1844,micheltorena,Micheltorena,J. Bidwell,726,4,Solano,ND 086,Confirmed,J. Bidwell,"Aug. 9, 1866",,92,,https://digicoll.lib.berkeley.edu/record/265448,https://ranchos.archivesofcalifornia.com/r/rancho-ulpinos.html,yes,sole
rancho-eight-square-leagues-on-stanislaus-river,Eight Square Leagues On The Stanislaus River,1846,pico,Pio Pico,A. B. Thompson,35532,8,,ND 351,Confirmed,Alpheus B. Thompson,"May 18, 1858","35,532.80",101,,https://digicoll.lib.berkeley.edu/record/264188,https://ranchos.archivesofcalifornia.com/r/rancho-eight-square-leagues-on-stanislaus-river.html,yes,sole
rancho-napa,Napa,1838,alvarado,Alvarado,Salvador Vallejo,22193,,Napa,,Confirmed,,,,,,,https://ranchos.archivesofcalifornia.com/r/rancho-napa.html,yes,sole
rancho-huasuna,Huasuna,1843,micheltorena,Micheltorena,I. J. Sparks,22152,5,,SD 069,Confirmed,Isaac J. Sparks,"Jan. 23, 1879","22,152.99",340,,https://digicoll.lib.berkeley.edu/record/265819,https://ranchos.archivesofcalifornia.com/r/rancho-huasuna.html,yes,sole
rancho-san-vicente-santa-monica,San Vicente Y Santa Monica,1839,alvarado,Alvarado,Francisco Sepulveda,30259,,Los Angeles,SD 143,Confirmed,Ramon Sepulveda,"July 23, 1881","30,259.65",432,,https://digicoll.lib.berkeley.edu/record/265879,https://ranchos.archivesofcalifornia.com/r/rancho-san-vicente-santa-monica.html,yes,sole
rancho-cholame,Cholame,1844,micheltorena,Micheltorena,Mauricio Gonzalez,26621,,,SD 071,Confirmed,Ellen E. White,"Apl. 1, 1865","26,621.82",314,,https://digicoll.lib.berkeley.edu/record/265821,https://ranchos.archivesofcalifornia.com/r/rancho-cholame.html,yes,sole
rancho-san-vicente-1,San Vicente (Munrass),1835,interim,the interim government,Francisco Maria Soto,19979,,Monterey,SD 005,Confirmed,Concepcion Munras et al,"June 29, 1865","19,979.10",293,,https://digicoll.lib.berkeley.edu/record/266046,https://ranchos.archivesofcalifornia.com/r/rancho-san-vicente-1.html,yes,sole
rancho-johnson,Johnson Rancho,1844,micheltorena,Micheltorena,Original grantee = Pablo Gutierrez,22197,,Yuba,ND 397,Confirmed,William Johnson,"Aug. 3, 1857","22,197.31",21,,https://digicoll.lib.berkeley.edu/record/264244,https://ranchos.archivesofcalifornia.com/r/rancho-johnson.html,yes,sole
rancho-novato,Novato,1839,alvarado,Alvarado,Fernando Feliz,8870,2,Marin,ND 223,Confirmed,the assigns of Bezar Simmons,"Apl. 10, 1866","8,870.62",46,,https://digicoll.lib.berkeley.edu/record/265815,https://ranchos.archivesofcalifornia.com/r/rancho-novato.html,yes,sole
rancho-real-aguilas,Real De Las Aguilas,1844,micheltorena,Micheltorena,Francisco Arias and Saturnino Cariaga,52,7,San Benito,SD 262,Confirmed,,"Sept. 23, 1869",,236,,https://digicoll.lib.berkeley.edu/record/267603,https://ranchos.archivesofcalifornia.com/r/rancho-real-aguilas.html,yes,sole
rancho-san-antonio-4,San Antonio (Lugo),1838,alvarado,Alvarado,A. M. Lugo,29513,,Los Angeles,SD 009,Confirmed,Antonio M. Lugo,"July 20, 1866","29,513.35",442,,https://digicoll.lib.berkeley.edu/record/266050,https://ranchos.archivesofcalifornia.com/r/rancho-san-antonio-4.html,yes,sole
rancho-guadalupe,Guadalupe,1837,alvarado,Alvarado,D. Olivera and T. Arellanes,32408,,Santa Barbara,SD 039,Confirmed,Diego Olivera and Teodoro Arellanes (1),"June 30, 1866","32,408.03",353,,https://digicoll.lib.berkeley.edu/record/266076,https://ranchos.archivesofcalifornia.com/r/rancho-guadalupe.html,yes,sole
rancho-jesus-maria,Jesus Maria,1837,alvarado,Alvarado,Original grantees = Lucas Olivera,42184,,Santa Barbara,SD 268,Confirmed,Lewis P. Burton et al,"Sept. 7, 1871","42,184.93",356,,https://digicoll.lib.berkeley.edu/record/267609,https://ranchos.archivesofcalifornia.com/r/rancho-jesus-maria.html,yes,sole
rancho-new-helvetia,New Helvetia,1841,alvarado,Alvarado,John A. Sutter,48839,,Sacramento,ND 319,Confirmed,John A. Sutter,"June 20, 1866","48,839.30",20,21 How. 170,https://digicoll.lib.berkeley.edu/record/256648,https://ranchos.archivesofcalifornia.com/r/rancho-new-helvetia.html,yes,primary
rancho-santa-paula-saticoy,Santa Paula Y Saticoy,1840,micheltorena,Juan B. Alvarado,Manuel Jimeno Casarin,17733,4,Ventura,SD 328,Confirmed,John P. Davidson,"Apl. 22, 1872","17,733.33",395,,https://digicoll.lib.berkeley.edu/record/268951,https://ranchos.archivesofcalifornia.com/r/rancho-santa-paula-saticoy.html,yes,sole
rancho-bolsa-nueva-moro-cojo,Bolsa Nueva Moro Cojo,1825,echeandia,Luis Arguello; Mariano Chico; Alvarado; Micheltorena,Simeon Castro,30901,8,Monterey,SD 098,Confirmed,"Maria Antonia Pico de Castro et al, heirs","Nov. 20, 1876","30,901.34",245,,https://digicoll.lib.berkeley.edu/record/265842,https://ranchos.archivesofcalifornia.com/r/rancho-bolsa-nueva-moro-cojo.html,yes,sole
rancho-primer-canon,El Primer Canon,1844,micheltorena,Micheltorena,John Francisco Dye,26637,,Tehama,ND 012,Confirmed,John F. Dye,"Feb. 28, 1871","26,637.11",2,,https://digicoll.lib.berkeley.edu/record/264404,https://ranchos.archivesofcalifornia.com/r/rancho-primer-canon.html,yes,sole
rancho-saucelito,Saucelito,1838,alvarado,Alvarado,William (Guillermo) A. Richardson,19571,,Marin,ND 083,Confirmed,Guillermo A. Richardson heirs,"Aug. 7, 1879","19,571.92",36,,https://digicoll.lib.berkeley.edu/record/265445,https://ranchos.archivesofcalifornia.com/r/rancho-saucelito.html,yes,sole
rancho-pauba,Pauba,1844,micheltorena,Micheltorena; Pio Pico,V. Morago (Vicente Moraga and Luis Arenas),26597,6,Riverside,SD 203,Confirmed,Luis Vignes,"Jan. 19, 1860","26,597.96",490,,https://digicoll.lib.berkeley.edu/record/267547,https://ranchos.archivesofcalifornia.com/r/rancho-pauba.html,yes,sole
rancho-nicasio-1,Nicasio (Helleck),1844,micheltorena,Micheltorena,"Henry W. Hallack, James Black, and Benjamin R. Buckelew",30848,,Marin,ND 392,Confirmed,"Henry W. Hallack, James Black, and Benjamin R. Buckelew","Nov. 1, 1861",,32,,https://digicoll.lib.berkeley.edu/record/264241,https://ranchos.archivesofcalifornia.com/r/rancho-nicasio-1.html,yes,primary
rancho-santa-margarita,Santa Margarita,1841,alvarado,Alvarado,Joaquín Estrada,17734,,San Luis Obispo,SD 149,Confirmed,Joaquin Estrada,"Apl. 9, 1861","17,734.94",316,,https://digicoll.lib.berkeley.edu/record/266109,https://ranchos.archivesofcalifornia.com/r/rancho-santa-margarita.html,yes,sole
rancho-san-jose-valle,San Jose Del Valle,1844,micheltorena,Micheltorena,Juan J. Warner,26688,,San Diego,SD 218,Confirmed,Juan J. Warner,"Jan. 16, 1880","26,688.93",509,,https://digicoll.lib.berkeley.edu/record/268900,https://ranchos.archivesofcalifornia.com/r/rancho-san-jose-valle.html,yes,sole
rancho-santa-rosa-2,Santa Rosa (Morino),1846,pico,Pío Pico,Juan Moreno,815,,,SD 148,Confirmed,,"Oct. 10, 1872",,493,,https://digicoll.lib.berkeley.edu/record/266108,https://ranchos.archivesofcalifornia.com/r/rancho-santa-rosa-2.html,yes,sole
rancho-san-jose-sur-chiquito,San Jose Y Sur Chiquito,1839,alvarado,Alvarado,Marcelino Escobar,8818,2,Monterey,SD 373,Patented,"Joseph S. Emery and Nathan W. Spaulding, administrators","May 4, 1888","8,818.56",552,,https://digicoll.lib.berkeley.edu/record/268993,https://ranchos.archivesofcalifornia.com/r/rancho-san-jose-sur-chiquito.html,yes,sole
rancho-lompoc,Lompoc,1837,alvarado,Alvarado,Joaquin and Jose A. Carrillo,42085,,Santa Barbara,SD 015,Confirmed,Joaquin and Jose A. Carrillo,"Nov. 3, 1873","42,085.44",239,,https://digicoll.lib.berkeley.edu/record/266056,https://ranchos.archivesofcalifornia.com/r/rancho-lompoc.html,yes,sole
rancho-santa-ana-chino,Santa Ana Del Chino (Addition To),1841,alvarado,Alvarado,Antonio Maria Lugo,22234,5,San Bernardino,SD 182,Confirmed,Maria Merced Williams and Francisca Williams de Carlisle,"Feb. 15, 1869","22,234.20",478,,https://digicoll.lib.berkeley.edu/record/267530,https://ranchos.archivesofcalifornia.com/r/rancho-santa-ana-chino.html,yes,sole
rancho-alamitos,Los Alamitos,1784,spanish,Pedro Fages,Manuel Nieto,28027,6,Orange,SD 290,Confirmed,Abel Stearns,"Aug. 29, 1874","28,027.17",468,,https://digicoll.lib.berkeley.edu/record/268917,https://ranchos.archivesofcalifornia.com/r/rancho-alamitos.html,yes,sole
rancho-tolenas,Tolenas,1840,alvarado,Alvarado,Jose Francisco Armijo,13315,3,Solano,ND 162,Patented,Dolores Riesgo Armijo et al,"Oct. 12, 1868","13,315.93",90,,https://digicoll.lib.berkeley.edu/record/265522,https://ranchos.archivesofcalifornia.com/r/rancho-tolenas.html,yes,sole
rancho-coyotes,Los Coyotes,1834,figueroa,Figueroa,Juan Jose Nieto,48806,10,Orange,SD 372,Confirmed,Andres Pico et al,"Mar. 9, 1875","48,806.17",472,,https://digicoll.lib.berkeley.edu/record/268992,https://ranchos.archivesofcalifornia.com/r/rancho-coyotes.html,yes,sole
rancho-conejo,Conejo,1822,spanish,a Spanish governor,Jose de la Guerra Y Noriega,671,,Ventura,SD 107,Confirmed,Jose de la Guerra Y Noriega,"Jan. 8, 1873",,408,,https://digicoll.lib.berkeley.edu/record/102015,https://ranchos.archivesofcalifornia.com/r/rancho-conejo.html,yes,sole
rancho-fernandez,Fernandez,1846,pico,Pío Pico,Maximo Zenon Fernandez and Dionisio Zenon Fernandez only,17305,,Butte,ND 377,Confirmed,Dionisio Z. Fernandez et al,"Oct. 14, 1857","17,305.84",15,,https://digicoll.lib.berkeley.edu/record/264228,https://ranchos.archivesofcalifornia.com/r/rancho-fernandez.html,yes,sole
rancho-guadalasca,Guadalasca,1836,interim,Mariano Chico,Isabel Yorba,593,,Ventura,SD 177,Confirmed,,,,,,https://digicoll.lib.berkeley.edu/record/264214,https://ranchos.archivesofcalifornia.com/r/rancho-guadalasca.html,yes,sole
rancho-cajon,El Cajon,1845,pico,Pío Pico,María Antonia Estudillo de Pedrorena,48799,,San Diego,SD 114,Confirmed,"Thomas W. Sutherland, guardian of Victoria, Isabel, Miguel, and Helena Pedrorena, heirs","Apl. 6, 1876","48,799.85",534,19 Howard 363,https://digicoll.lib.berkeley.edu/record/265855,https://ranchos.archivesofcalifornia.com/r/rancho-cajon.html,yes,sole
rancho-rincon-salinas,Rincon De Las Salinas,1833,figueroa,Jose Figueroa,Cristina Delgado,2220,one-half,Monterey,SD 215,Confirmed,Rafael Estrada,"Mar. 1, 1881","2,220.02",255,,https://digicoll.lib.berkeley.edu/record/267558,https://ranchos.archivesofcalifornia.com/r/rancho-rincon-salinas.html,yes,sole
rancho-paso,Del Paso,1844,micheltorena,Micheltorena,Eliab Grimes,44371,,Sacramento,ND 053,Confirmed,Samuel Norris,"May 4, 1858","44,371.42",96,,https://digicoll.lib.berkeley.edu/record/264440,https://ranchos.archivesofcalifornia.com/r/rancho-paso.html,yes,sole
rancho-corte-madera-presidio,Corte Madera Del Presidio,1834,figueroa,Figueroa,Juan Reed,7845,,Marin,ND 183,Confirmed,"the heirs of John Read, Hilaria Read, and Inez Read","Feb. 25, 1885","7,845.12",42,,https://digicoll.lib.berkeley.edu/record/265542,https://ranchos.archivesofcalifornia.com/r/rancho-corte-madera-presidio.html,yes,sole
rancho-boga,Boga,1844,micheltorena,Micheltorena,Charles William Flugge,22184,,Sutter,ND 358,Confirmed,Thomas O. Larkin,"Oct. 5, 1865","22,184.66",18,,https://digicoll.lib.berkeley.edu/record/264195,https://ranchos.archivesofcalifornia.com/r/rancho-boga.html,yes,sole
rancho-alamos,Los Alamos,1839,alvarado,Alvarado,J. A. de la Guerra y Carrillo,48803,,Santa Barbara,SD 083,Confirmed,Jose A. de la Guerra y Carrillo,"Sept. 12, 1872","48,803.38",358,,https://digicoll.lib.berkeley.edu/record/265831,https://ranchos.archivesofcalifornia.com/r/rancho-alamos.html,yes,sole
rancho-larkin-childrens,Larkin Childrens Rancho,1844,micheltorena,Micheltorena,Francisco Larkin,44364,,,ND 115,Confirmed,Francisco Larkin et al,"Dec. 18, 1857","44,364.22",16,,https://digicoll.lib.berkeley.edu/record/265475,https://ranchos.archivesofcalifornia.com/r/rancho-larkin-childrens.html,yes,sole
rancho-juntas,Las Juntas,1844,micheltorena,Micheltorena,Original grantee = William Welsh,13292,,Contra Costa,ND 087,Confirmed,,"July 22, 1870",,113,,https://digicoll.lib.berkeley.edu/record/265449,https://ranchos.archivesofcalifornia.com/r/rancho-juntas.html,yes,sole
rancho-alamos-agua-caliente,Los Alamos Y Agua Caliente,1846,pico,Pio Pico,Francisco Lopez et al,26626,6,Kern,SD 183,Confirmed,"Agustin Olvera, Louis Jordan, and J.L. Brent","Nov. 9, 1866","26,626.23",346,,https://digicoll.lib.berkeley.edu/record/267531,https://ranchos.archivesofcalifornia.com/r/rancho-alamos-agua-caliente.html,yes,sole
rancho-animas,Las Animas,1802,spanish,Marquinas,Mariano Castro,26518,,Santa Clara,ND 136,Confirmed,the heirs of Jose Maria Sanchez,"Mar. 15, 1873","26,518.68",224,,https://digicoll.lib.berkeley.edu/record/265496,https://ranchos.archivesofcalifornia.com/r/rancho-animas.html,yes,sole
rancho-lomas-santiago,Lomas De Santiago,1846,pico,Pio Pico,Teodocio Yorba,47226,4,Orange,SD 186,Confirmed,Toedocio Yorba,"Feb. 1, 1868","47,226.61",499,,https://digicoll.lib.berkeley.edu/record/267533,https://ranchos.archivesofcalifornia.com/r/rancho-lomas-santiago.html,yes,sole
rancho-muniz,Muniz,1845,pico,Pio Pico,Manuel Torres,17760,4,Sonoma,ND 095,Confirmed,Manuel Torres,"Feb. 4, 1860","17,760.75",26,,https://digicoll.lib.berkeley.edu/record/265456,https://ranchos.archivesofcalifornia.com/r/rancho-muniz.html,yes,sole
rancho-nipomo,Nipomo,1837,alvarado,Alvarado,Guillermo Dana,37887,15,San Luis Obispo,SD 013,Patented,William G. Dana,"Dec. 14, 1868","37,887.91",351,,https://digicoll.lib.berkeley.edu/record/266054,https://ranchos.archivesofcalifornia.com/r/rancho-nipomo.html,yes,sole
rancho-san-rafael,San Rafael,1784,spanish,Pedro Fages,Jose Maria Berdugo,36403,8,Los Angeles,SD 381,Confirmed,Julio Verdugo and Catalina Verdugo,"Jan. 28, 1882","36,403.32",423,,https://digicoll.lib.berkeley.edu/record/269000,https://ranchos.archivesofcalifornia.com/r/rancho-san-rafael.html,yes,sole
rancho-san-julian,San Julian,1837,alvarado,Alvarado,George Rock,48221,6,Santa Barbara,SD 010,Confirmed,Jose de la Guerra y Noriega,"Sept. 29, 1873","48,221.68",378,,https://digicoll.lib.berkeley.edu/record/266051,https://ranchos.archivesofcalifornia.com/r/rancho-san-julian.html,yes,sole
rancho-jacinto,Jacinto,1844,micheltorena,Micheltorena,Original grantee = Jacinto Rodriguez,35487,,Glenn,ND 056,Confirmed,William H. McKee,"Sept. 19, 1859","35,487.52",11,,https://digicoll.lib.berkeley.edu/record/264442,https://ranchos.archivesofcalifornia.com/r/rancho-jacinto.html,yes,sole
rancho-paso-robles,Paso De Robles,1844,micheltorena,Micheltorena,Pedro Narvaez,25993,,San Luis Obispo,SD 351,Confirmed,Petronelo Rios,"July 20, 1866","25,993.18",320,,https://digicoll.lib.berkeley.edu/record/268973,https://ranchos.archivesofcalifornia.com/r/rancho-paso-robles.html,yes,sole
rancho-shoquel-augmentation,Shoquel Augmentation,1844,micheltorena,Jose Figueroa; Micheltorena,M. Castro,32702,1,,ND 343,Confirmed,Martina Castro,"Mar. 19, 1860","32,702.41",201,,https://digicoll.lib.berkeley.edu/record/264180,https://ranchos.archivesofcalifornia.com/r/rancho-shoquel-augmentation.html,yes,sole
rancho-santa-ana-quien-sabe,Santa Ana Y Quien Sabe,1839,alvarado,Alvarado,Manuel Larios and Juan Anzar,48822,,San Benito,SD 258,Confirmed,Manuel Larios et al,"May 1, 1860","48,822.60",237,,https://digicoll.lib.berkeley.edu/record/267599,https://ranchos.archivesofcalifornia.com/r/rancho-santa-ana-quien-sabe.html,yes,sole
rancho-arroyo-seco-1,Arroyo Seco,1840,alvarado,Alvarado,Teodocio Yorba,48857,11,Amador,ND 199,Confirmed,"Jospeh M. Moss, H.W. Carpentier, Edward F. Beal, and Herman Wholer on","Apl. 29, 1865","48,857.52",99,,https://digicoll.lib.berkeley.edu/record/265793,https://ranchos.archivesofcalifornia.com/r/rancho-arroyo-seco-1.html,yes,sole
rancho-aguas-frias,Aguas Frias,1844,micheltorena,Micheltorena,Salvador Oslo,26761,6,Butte,ND 370,Confirmed,Samuel Todd,"July 19, 1860","26,761.40",13,,https://digicoll.lib.berkeley.edu/record/264206,https://ranchos.archivesofcalifornia.com/r/rancho-aguas-frias.html,yes,sole
rancho-caslamayomi,Caslamayomi,1844,micheltorena,Micheltorena,Eugenio Montenegro,26788,8,Sonoma,ND 186,Patented,William Forbes,"Dec. 18, 1874","26,788.36",57,,https://digicoll.lib.berkeley.edu/record/265782,https://ranchos.archivesofcalifornia.com/r/rancho-caslamayomi.html,yes,sole
rancho-bolsas,Las Bolsas,1784,spanish,Pedro Fages,Manuel Nieto,33460,,Orange,SD 208,Confirmed,,,,471,,https://digicoll.lib.berkeley.edu/record/267552,https://ranchos.archivesofcalifornia.com/r/rancho-bolsas.html,yes,sole
rancho-suey,Suey,1837,alvarado,Alvarado,Ramona Carrillo,43834,5,San Luis Obispo,SD 014,Confirmed,Romana Carrillo de Wilson,"Aug. 10, 1865","43,834.27",350,,https://digicoll.lib.berkeley.edu/record/266055,https://ranchos.archivesofcalifornia.com/r/rancho-suey.html,yes,sole
rancho-pinole,Pinole (Martinez),1842,alvarado,Alvarado,Ignacio Martinez,17760,,Contra Costa,ND 205,Confirmed,Maria Anontia Martinez de Richardson et al,"Aug. 22, 1868","17,760.64",126,,https://digicoll.lib.berkeley.edu/record/265798,https://ranchos.archivesofcalifornia.com/r/rancho-pinole.html,yes,sole
rancho-cerritos,Los Cerritos,1834,figueroa,Figueroa,Manuela Nieto,27654,5,Orange,SD 017,Confirmed,Juan Temple,"Dec. 7, 1867","27,654.36",467,,https://digicoll.lib.berkeley.edu/record/266058,https://ranchos.archivesofcalifornia.com/r/rancho-cerritos.html,yes,sole
rancho-san-antonio-5,San Antonio (V. And D. Peralta),1820,micheltorena,Sola; Arguello; Micheltorena,Luis Peralta,18848,,,ND 021,Confirmed,the heirs of Vicente and Domingo Peralta,"Feb. 10, 1877","18,848.98",128,,https://digicoll.lib.berkeley.edu/record/264410,https://ranchos.archivesofcalifornia.com/r/rancho-san-antonio-5.html,yes,sole
rancho-topanga-malibu-sequit,Topanga Malibu Sequit,1805,spanish,a Spanish governor,Jose Bartolome Tapia,13315,,Los Angeles,SD 147,Confirmed,Matthew Keller,"Aug. 29, 1872","13,315.70",433,296 U.S. 612,https://digicoll.lib.berkeley.edu/record/266107,https://ranchos.archivesofcalifornia.com/r/rancho-topanga-malibu-sequit.html,yes,sole
rancho-puente,La Puente,1845,pico,Pico,J. Roland and Julian Workman,48790,,Los Angeles,SD 127,Confirmed,John Roland and Julian Workman,"Apl. 19, 1867","48,790.55",460,,https://digicoll.lib.berkeley.edu/record/265867,https://ranchos.archivesofcalifornia.com/r/rancho-puente.html,yes,sole
rancho-carne-humana,Carne Humana,1841,alvarado,Alvarado,Edouardo A. Bale,17962,4,Napa,ND 047,Confirmed,the heirs of Edward T. Bale,"Sept. 4, 1879","17,962.22",79,,https://digicoll.lib.berkeley.edu/record/264434,https://ranchos.archivesofcalifornia.com/r/rancho-carne-humana.html,yes,sole
rancho-san-luis-conzaga,San Luis Conzaga,1843,alvarado,Micheltorena,Jose Maria Mejia and Juan Perez Pacheco,48821,,,ND 062,Confirmed,Juan P. Pacheco,"May 6,1871","48,821.43",234,,https://digicoll.lib.berkeley.edu/record/264448,https://ranchos.archivesofcalifornia.com/r/rancho-san-luis-conzaga.html,yes,sole
rancho-muscupiabe,Muscupiabe,1843,micheltorena,Micheltorena,M. White,30144,1,San Bernardino,SD 281,Confirmed,Michael White,"June 22, 1872","30,144.88",480,,https://digicoll.lib.berkeley.edu/record/268908,https://ranchos.archivesofcalifornia.com/r/rancho-muscupiabe.html,yes,sole
rancho-arroyo-chico,Arroyo Chico,1844,micheltorena,Micheltorena,William Dickey,22214,,Butte,ND 038,Confirmed,John Bidwell,"Apl. 4, 1860","22,214.47",9,,https://digicoll.lib.berkeley.edu/record/264425,https://ranchos.archivesofcalifornia.com/r/rancho-arroyo-chico.html,yes,sole
rancho-san-jacinto-nuevo-potrero,San Jacinto Nuevo Y Potrero,1846,pico,Pío Pico,Miguel de Pedrorena,48861,,Riverside,SD 082,Confirmed,"Miguel, Victoria, Isabel, and Helena Pedrorena","Jan. 9, 1883","48,861.10",487,,https://digicoll.lib.berkeley.edu/record/265830,https://ranchos.archivesofcalifornia.com/r/rancho-san-jacinto-nuevo-potrero.html,yes,sole
rancho-milpitas-1,Milpitas,1838,alvarado,Alvarado,Ignacio Pastor,43280,,,SD 044,Confirmed,Ignacio Pastor,"Feb. 18, 1875","43,280.90",307,,https://digicoll.lib.berkeley.edu/record/266081,https://ranchos.archivesofcalifornia.com/r/rancho-milpitas-1.html,yes,sole
rancho-sanjon-moquelumnes,Sanjon De Los Moquelumnes,1844,micheltorena,Micheltorena,A. Chabolla,35508,8,San Joaquin,ND 406,Confirmed,the heirs of Anastasio Chabolla,"May 30, 1865","35,508.14",93,,https://digicoll.lib.berkeley.edu/record/264253,https://ranchos.archivesofcalifornia.com/r/rancho-sanjon-moquelumnes.html,yes,sole
rancho-san-pedro-1,San Pedro (Dominguez),1784,spanish,a Spanish governor,Juan Jose Dominguez,43119,10,Los Angeles,SD 273,Confirmed,Manuel Dominguez et al,"Dec. 18, 1858","43,119.13",440,,https://digicoll.lib.berkeley.edu/record/268902,https://ranchos.archivesofcalifornia.com/r/rancho-san-pedro-1.html,yes,sole
rancho-sobrante-san-jacinto,El Sobrante De San Jacinto,1846,pico,Pío Pico,José Antonio Aguirre,48847,,Riverside,SD 080,Confirmed,Maria del Rosario Estudillo de Aguirre,"Oct. 26, 1867","48,847.28",486,,https://digicoll.lib.berkeley.edu/record/265828,https://ranchos.archivesofcalifornia.com/r/rancho-sobrante-san-jacinto.html,yes,sole
rancho-san-jacinto-viejo,San Jacinto Viejo,1842,alvarado,Alvarado,José Antonio Estudillo,35503,,Riverside,SD 233,Confirmed,the heirs of Jose A Estudillo,"Jan. 17, 1880","35,503.02",489,,https://digicoll.lib.berkeley.edu/record/267574,https://ranchos.archivesofcalifornia.com/r/rancho-san-jacinto-viejo.html,yes,sole
rancho-nicasio-2,Nicasio (Helleck),1844,micheltorena,Micheltorena,"Henry W. Hallack, James Black, and Benjamin R. Buckelew",30848,,Marin,ND 392,Confirmed,"Henry W. Hallack, James Black, and Benjamin R. Buckelew","Nov. 1, 1861",,32,,https://digicoll.lib.berkeley.edu/record/264241,https://ranchos.archivesofcalifornia.com/r/rancho-nicasio-2.html,yes,duplicate
rancho-salsipuedes,Salsipuedes,1834,figueroa,Figueroa,Manuel Jimeno Casarin,31201,,Santa Cruz,SD 201,Confirmed,John P. Davison et al,"Mar. 2, 1861","31,201.37",223,,https://digicoll.lib.berkeley.edu/record/267545,https://ranchos.archivesofcalifornia.com/r/rancho-salsipuedes.html,yes,sole
rancho-putas,Las Putas,1843,micheltorena,Micheltorena,Jose de Jesus Berreyesa and Sisto Berreyesa,35515,,Napa,ND 175,Confirmed,Maria Anastasia Higuera de Berryesa and Maria Nicolasa Higuera de Berreyesa,"Jan. 5, 1863","35,515.82",83,,https://digicoll.lib.berkeley.edu/record/265535,https://ranchos.archivesofcalifornia.com/r/rancho-putas.html,yes,sole
rancho-omochumnes,Omochumnes,1844,micheltorena,Micheltorena,Joaquin Sheldon,18661,5,Sacramento,ND 182,Confirmed,Catharine Sheldon et al,"July 1, 1870","18,661.86",95,,https://digicoll.lib.berkeley.edu/record/265541,https://ranchos.archivesofcalifornia.com/r/rancho-omochumnes.html,yes,sole
rancho-rancheria-rio-estanislao,Rancheria Del Rio Estanislao,1843,micheltorena,Micheltorena,Francisco Rico and Jose Antonio Castro,48836,11,Stanislaus,ND 413,Confirmed,Francisco Rico and José A. Castro,"Jan. 31, 1863","48,836.64",102,,https://digicoll.lib.berkeley.edu/record/264260,https://ranchos.archivesofcalifornia.com/r/rancho-rancheria-rio-estanislao.html,yes,sole
rancho-sotoyome,Sotoyome,1844,micheltorena,Micheltorena,Henry D. Fitch,48836,8,Sonoma,ND 052,Confirmed,Josefa Carrillo de Fitch et al,"Apl. 3, 1858","48,836.51",54,,https://digicoll.lib.berkeley.edu/record/264439,https://ranchos.archivesofcalifornia.com/r/rancho-sotoyome.html,yes,sole
rancho-pulgas,Pulgas,1835,spanish,a Spanish governor,Luis Arguello,35240,4,San Mateo,ND 054,Confirmed,Mar\u00eda de la Soledad Ortega de Arg\u00fcello et al,"Oct. 2, 1857","35,240.47",148,18 Howard 539,https://digicoll.lib.berkeley.edu/record/264441,https://ranchos.archivesofcalifornia.com/r/rancho-pulgas.html,yes,sole
rancho-rio-americanos,Rio De Los Americanos,1844,micheltorena,Micheltorena,Guillermo A. Leidesdorff,35521,8,Sacramento,ND 359,Confirmed,,"Oct. 28, 1864",,98,,https://digicoll.lib.berkeley.edu/record/264196,https://ranchos.archivesofcalifornia.com/r/rancho-rio-americanos.html,yes,sole
rancho-orestimba,Orestimba,1844,micheltorena,Micheltorena,Sebastian Nunez,26666,6,Stanislaus,ND 057,Confirmed,Sebastian Nuñez,"July 30, 1863","26,666.39",105,,https://digicoll.lib.berkeley.edu/record/264443,https://ranchos.archivesofcalifornia.com/r/rancho-orestimba.html,yes,sole
rancho-valle-san-jose-1,Valle De San Jose,1839,alvarado,Alvarado,Antonio Maria Pico et al,435,,,ND 102,Confirmed,,,,121,20 Howard 261,https://digicoll.lib.berkeley.edu/record/265462,https://ranchos.archivesofcalifornia.com/r/rancho-valle-san-jose-1.html,yes,sole
rancho-san-francisco,San Francisco,1839,alvarado,Alvarado,Antonio del Valle,48611,,Ventura,SD 303,Confirmed,Jacoba Feliz et al,"Feb. 12, 1875","48,611.88",399,,https://digicoll.lib.berkeley.edu/record/268929,https://ranchos.archivesofcalifornia.com/r/rancho-san-francisco.html,yes,sole
rancho-nuestra-senora-refugio,Nuestra Senora Del Refugio,1834,spanish,Jose Figueroa,Antonio M. Ortega,26529,,Santa Barbara,SD 154,Confirmed,Antonio M. Ortega and Magdelena Cota de Ortega,"July 28, 1866","26,529.30",379,,https://digicoll.lib.berkeley.edu/record/266114,https://ranchos.archivesofcalifornia.com/r/rancho-nuestra-senora-refugio.html,yes,sole
rancho-san-joaquin-2,San Joaquin,1836,interim,Nicolas Gutierrez,C. Cervantes,7424,2,,SD 178,Confirmed,Cruz Cervantes,"Jan. 6, 1874","7,424.69",232,18 Howard 553,https://digicoll.lib.berkeley.edu/record/264495,https://ranchos.archivesofcalifornia.com/r/rancho-san-joaquin-2.html,yes,sole
rancho-punta-concepcion,Punta De La Concepcion,1837,alvarado,Alvarado,A. Carrillo,992,,Santa Barbara,SD 118,Confirmed,,"July 30, 1863",,375,,https://digicoll.lib.berkeley.edu/record/265859,https://ranchos.archivesofcalifornia.com/r/rancho-punta-concepcion.html,yes,sole
rancho-san-pedro-santa-margarita-gallinas,San Pedro Santa Margarita Y Las Gallinas,1844,micheltorena,Micheltorena,T. Murphy,21678,5,Marin,ND 016,Confirmed,Timothy Murphy,"Feb. 21, 1866","21,678.69",44,,https://digicoll.lib.berkeley.edu/record/264408,https://ranchos.archivesofcalifornia.com/r/rancho-san-pedro-santa-margarita-gallinas.html,yes,sole
rancho-san-lorenzo-4,San Lorenzo (Sanchez),1846,pico,Pio Pico,R. Sanchez,48285,11,,SD 277,Confirmed,Rafael Sanchez,"Nov. 22, 1870","48,285.95",300,,https://digicoll.lib.berkeley.edu/record/268904,https://ranchos.archivesofcalifornia.com/r/rancho-san-lorenzo-4.html,yes,sole
rancho-rio-santa-clara,Rio De Santa Clara,1837,alvarado,Alvarado,Valentin Cota et al,44883,,Ventura,SD 231,Confirmed,Valentin Cota et al,"Sept. 5, 1872","44,883.30",403,,https://digicoll.lib.berkeley.edu/record/267572,https://ranchos.archivesofcalifornia.com/r/rancho-rio-santa-clara.html,yes,sole
rancho-san-pablo,San Pablo,1835,figueroa,Figueroa,Francisco Castro,17938,4,Contra Costa,ND 320,Confirmed,Joaqu\u00edn Isidro Castro,"Jan. 31, 1873","17,938.59",127,,https://digicoll.lib.berkeley.edu/record/266039,https://ranchos.archivesofcalifornia.com/r/rancho-san-pablo.html,yes,sole
rancho-santa-rosa-island,Santa Rosa Island,1843,micheltorena,Manuel Micheltorena,Jose Antonio Carrillo and Carlos Carrillo,62696,,,SD 056,Confirmed,Manuela Carrillo de Jones et al,"Oct. 3, 1871","62,696.49",405,,https://digicoll.lib.berkeley.edu/record/266093,https://ranchos.archivesofcalifornia.com/r/rancho-santa-rosa-island.html,yes,sole
rancho-blucher,Blucher,1844,micheltorena,Micheltorena,Juan Vioget,26759,6,Marin,ND 224,Confirmed,Stephen Smith Jr. et al,"June 19, 1858","26,759.42",29,,https://digicoll.lib.berkeley.edu/record/265816,https://ranchos.archivesofcalifornia.com/r/rancho-blucher.html,yes,sole
rancho-mariposas,Las Mariposas,1844,micheltorena,Micheltorena,Juan Bautista Alvarado,44386,10,Mariposa,ND 001,Confirmed,John C. Fremont,"Feb. 19, 1856","44,386.83",104,17 Howard 542,https://digicoll.lib.berkeley.edu/record/264396,https://ranchos.archivesofcalifornia.com/r/rancho-mariposas.html,yes,sole
rancho-san-bernardino,San Bernardino,1842,alvarado,Alvarado,"Jose del Carmen Lugo, Jose Maria Lugo, Vicente Lugo and Diego Sepulveda",35509,8,San Bernardino,SD 012,Confirmed,Jose del Carmen Lugo et al,"Nov. 24, 1865","35,509.41",481,,https://digicoll.lib.berkeley.edu/record/266053,https://ranchos.archivesofcalifornia.com/r/rancho-san-bernardino.html,yes,sole
rancho-campo-franceses,Campo De Los Franceses,1844,micheltorena,Micheltorena,Guillermo Gulnac,48747,,San Joaquin,ND 298,Confirmed,Charles M. Weber,"Mar. 18, 1861","48,747.03",100,,https://digicoll.lib.berkeley.edu/record/256627,https://ranchos.archivesofcalifornia.com/r/rancho-campo-franceses.html,yes,sole
rancho-rio-jesus-maria,Rio Jesus Maria,1843,micheltorena,Micheltorena,Original grantee = Tomas M. Hardy,26637,,Yolo,ND 360,Confirmed,James M. Harbin et al,"July 3, 1858","26,637.42",86,,https://digicoll.lib.berkeley.edu/record/264197,https://ranchos.archivesofcalifornia.com/r/rancho-rio-jesus-maria.html,yes,sole
rancho-bosquejo,Bosquejo,1844,micheltorena,Micheltorena,P. Lassen,22206,5,Tehama,ND 367,Confirmed,Henry Gerke,"Jan. 10, 1862","22,206.27",7,,https://digicoll.lib.berkeley.edu/record/256658,https://ranchos.archivesofcalifornia.com/r/rancho-bosquejo.html,yes,sole
rancho-huecos,Los Huecos,1846,pico,Pío Pico,Luis Arenas and Juan Roland,39950,,Santa Clara,ND 221,Confirmed,John Roland and J.L. Hornsby,"May 13, 1876","39,950.92",182,,https://digicoll.lib.berkeley.edu/record/265813,https://ranchos.archivesofcalifornia.com/r/rancho-huecos.html,yes,sole
rancho-canada-osos-pecho-islay,Canada De Los Osos Y Pecho Y Islay,1845,pico,Pico,James Scott and John Wilson,32430,,San Luis Obispo,SD 028,Confirmed,John Wilson,"Sept. 23, 1869","32,430.76",331,,https://digicoll.lib.berkeley.edu/record/256660,https://ranchos.archivesofcalifornia.com/r/rancho-canada-osos-pecho-islay.html,yes,sole
rancho-asuncion,Asuncion,1845,pico,Pio Pico,P. Estrada,39224,,San Luis Obispo,SD 076,Confirmed,Pedro Estrada,"Mar. 22, 1866","39,224.81",318,,https://digicoll.lib.berkeley.edu/record/266103,https://ranchos.archivesofcalifornia.com/r/rancho-asuncion.html,yes,sole
rancho-capay,Capay,1844,micheltorena,Micheltorena,Josefa Soto,44388,,Tehama,ND 042,Confirmed,Josefa Soto,"Aug. 18, 1859","44,388.17",8,,https://digicoll.lib.berkeley.edu/record/264429,https://ranchos.archivesofcalifornia.com/r/rancho-capay.html,yes,sole
rancho-bodega,Bodega,1844,micheltorena,Micheltorena,Stephen Smith,35489,8,Sonoma,ND 035,Confirmed,"Manuela T. Curtis, Stephen Smith, Manuela Smith and James Smith","Apl. 18, 1859","35,489.52",27,,https://digicoll.lib.berkeley.edu/record/264422,https://ranchos.archivesofcalifornia.com/r/rancho-bodega.html,yes,sole
rancho-piedra-blanca,Piedra Blanca,1840,alvarado,Alvarado,José de Jesús Pico,48805,,,SD 043,Confirmed,Jose de Jesus Pico,"Oct. 9, 1876","48,805.59",321,,https://digicoll.lib.berkeley.edu/record/266080,https://ranchos.archivesofcalifornia.com/r/rancho-piedra-blanca.html,yes,sole
rancho-yokaya,Yokaya,1845,pico,Pio Pico,C. Juares,541,8,Mendocino,ND 217,Patented,,"Mar. 8, 1867",,23,,https://digicoll.lib.berkeley.edu/record/265809,https://ranchos.archivesofcalifornia.com/r/rancho-yokaya.html,yes,sole
rancho-santiago-santa-ana,Santiago De Santa Ana,1810,spanish,a Spanish governor,Antonio Yorba and Juan Pablo Peralta,78941,,Orange,SD 346,Confirmed,Bernardo Yorba et al,"Dec. 21, 1883","78,941.49",474,,https://digicoll.lib.berkeley.edu/record/268968,https://ranchos.archivesofcalifornia.com/r/rancho-santiago-santa-ana.html,yes,sole
rancho-honcut,Honcut,1844,micheltorena,Micheltorena,Teodoro Cordua,31079,,Yuba,ND 301,Confirmed,Charles Covillaud et al,"Mar. 9, 1863","31,079.96",19,,https://digicoll.lib.berkeley.edu/record/256630,https://ranchos.archivesofcalifornia.com/r/rancho-honcut.html,yes,sole
rancho-german,German,1846,pico,Pio Pico,Ernest Rufus,17580,5,Sonoma,ND 015,Confirmed,Charles Meyer et al,"July 30, 1872","17,580.01",25,,https://digicoll.lib.berkeley.edu/record/264407,https://ranchos.archivesofcalifornia.com/r/rancho-german.html,yes,sole
rancho-prietos-najalayegua,Los Prietos Y Najalayegua,1845,pico,Pico,Jose Dominguez,48729,,,,Confirmed,,,,,,,https://ranchos.archivesofcalifornia.com/r/rancho-prietos-najalayegua.html,yes,sole
rancho-san-buenaventura,San Buenaventura,1844,micheltorena,Micheltorena,P. B. Reading,26632,6,,ND 004,Confirmed,Pearson B. Reading,"Jan. 17, 1857","26,632.09",1,18 Howard 1,https://digicoll.lib.berkeley.edu/record/264160,https://ranchos.archivesofcalifornia.com/r/rancho-san-buenaventura.html,yes,sole
rancho-santa-catalina-island,Santa Catalina Island,1846,pico,Pio Pico,Tomas M. Robbins,45820,,,SD 368,Confirmed,Jose M. Covarrubias,"Apl. 10, 1867","45,820.43",470,,https://digicoll.lib.berkeley.edu/record/268989,https://ranchos.archivesofcalifornia.com/r/rancho-santa-catalina-island.html,yes,sole
rancho-canada-capay,Canada De Capay,1846,pico,Pio Pico,Santiago Nemesis and Francisco Berreyesa,40078,9,Yolo,ND 382,Confirmed,Jasper O'Farrell et al,"Feb. 16, 1865","40,078.58",84,,https://digicoll.lib.berkeley.edu/record/264233,https://ranchos.archivesofcalifornia.com/r/rancho-canada-capay.html,yes,sole
rancho-simi,Simi,1795,spanish,Borica,Patricio Javier y Miguel Pico,113009,,Ventura,SD 103,Confirmed,Jose de la Guerra y Noriega,"June 29, 1865","113,009.21",400,,https://digicoll.lib.berkeley.edu/record/265846,https://ranchos.archivesofcalifornia.com/r/rancho-simi.html,yes,sole
rancho-laguna-2,La Laguna (Gutierrez),1845,pico,Pico,Octaviano Gutierrez,48703,,,SD 021,Confirmed,Octaviano Gutierrez,"May 17, 1867","48,703.91",360,,https://digicoll.lib.berkeley.edu/record/266061,https://ranchos.archivesofcalifornia.com/r/rancho-laguna-2.html,yes,sole
rancho-jurupa-1,Jurupa (Stearns),1838,alvarado,Alvarado,Juan Bandini,32259,,Riverside,SD 213,Confirmed,,,,483,,https://digicoll.lib.berkeley.edu/record/102013,https://ranchos.archivesofcalifornia.com/r/rancho-jurupa-1.html,yes,sole
rancho-cuyama-1,Cuyama (Heirs Of Cesario Lataillade),1846,pico,Pío Pico,Grantee = Cesario Lataillade,48827,,Santa Barbara,SD 104,Confirmed,Cesario Lataillade,"Jan. 10, 1879","48,827.50",342,,https://digicoll.lib.berkeley.edu/record/268896,https://ranchos.archivesofcalifornia.com/r/rancho-cuyama-1.html,yes,sole
rancho-cienega-gabilan,Cienega Del Gabilan,1843,micheltorena,Micheltorena,Antonio Chavis,48780,11,Monterey,SD 314,Patented,Jesse D. Carr,"Oct. 15, 1867","48,780.72",250,,https://digicoll.lib.berkeley.edu/record/268939,https://ranchos.archivesofcalifornia.com/r/rancho-cienega-gabilan.html,yes,sole
rancho-new-helvetia-1,New Helvetia,1841,alvarado,Alvarado,John A. Sutter,48839,,Sacramento,ND 319,Confirmed,John A. Sutter,"June 20, 1866","48,839.30",20,21 How. 170,https://digicoll.lib.berkeley.edu/record/256648,https://ranchos.archivesofcalifornia.com/r/rancho-new-helvetia-1.html,yes,duplicate
rancho-sanjon-santa-rita,Sanjon De Santa Rita,1841,alvarado,Alvarado,F. Soberanes,48823,11,Merced,SD 206,Confirmed,Francisco Soberanes,"Nov. 20, 1862","48,823.80",198,,https://digicoll.lib.berkeley.edu/record/267550,https://ranchos.archivesofcalifornia.com/r/rancho-sanjon-santa-rita.html,yes,sole
rancho-petaluma,Petaluma,1843,figueroa,Figueroa,M.G. Vallejo,66622,,Sonoma,ND 321,Confirmed,M.G. Vallejo,"Nov. 19, 1874","66,622.17",49,,https://digicoll.lib.berkeley.edu/record/102021,https://ranchos.archivesofcalifornia.com/r/rancho-petaluma.html,yes,sole
rancho-santa-margarita-flores,Santa Margarita Y Las Flores,1841,alvarado,Alvarado,Pio Pico and Andres Pico,133440,,,SD 317,Confirmed,,,,505,,https://digicoll.lib.berkeley.edu/record/102014,https://ranchos.archivesofcalifornia.com/r/rancho-santa-margarita-flores.html,yes,sole
rancho-liebre,La Liebre,1846,pico,Pio Pico,J. M. Flores,48799,11,Kern,SD 170,Confirmed,Jose M. Flores,"June 21, 1875","48,799.59",347,,https://digicoll.lib.berkeley.edu/record/266128,https://ranchos.archivesofcalifornia.com/r/rancho-liebre.html,yes,sole
rancho-putos,Los Putos,1843,micheltorena,Micheltorena,J. M. Vaca and J. F. Pena,44383,10,Solano,ND 074,Confirmed,Juan M. Vaca and Juan F. Pena,"June 4, 1858","44,383.78",88,18 Howard 556,https://digicoll.lib.berkeley.edu/record/264457,https://ranchos.archivesofcalifornia.com/r/rancho-putos.html,yes,sole
rancho-laguna-tache,Laguna Del Tache,1846,pico,Pico,M. Castro,48800,9,Fresno,SD 255,Confirmed,Manuel Castro,"Mar. 6, 1866","48,800.62",301,,https://digicoll.lib.berkeley.edu/record/267596,https://ranchos.archivesofcalifornia.com/r/rancho-laguna-tache.html,yes,sole
rancho-santa-cruz-island,Santa Cruz Island,1839,alvarado,Alvarado,Andres Castillero,52760,,,SD 340,Confirmed,Andres Castillero,"Mar. 21, 1867","52,760.33",,23 Howard 464,https://digicoll.lib.berkeley.edu/record/268963,https://ranchos.archivesofcalifornia.com/r/rancho-santa-cruz-island.html,yes,sole
rancho-tejon,El Tejon,1843,micheltorena,Micheltorena,José A. Aguirre and Ignacio del Valle,97616,,Kern,SD 327,Confirmed,Jose A. Aguirre and Ignacio del Valle,"May 9, 1863","97,616.78",344,,https://digicoll.lib.berkeley.edu/record/268950,https://ranchos.archivesofcalifornia.com/r/rancho-tejon.html,yes,sole
rancho-punta-reyes-1,Punta De Los Reyes (Sobrante),1843,micheltorena,Micheltorena,Antonio M. Osio,48189,11,Marin,ND 236,Confirmed,Andrew Randall,"June 4, 1860","48,189.34",34,,https://digicoll.lib.berkeley.edu/record/256570,https://ranchos.archivesofcalifornia.com/r/rancho-punta-reyes-1.html,yes,sole
rancho-pescadero-1,El Pescadero,1843,micheltorena,Micheltorena,Valentin Higuera and Rafael Feliz,35446,,,ND 137,Confirmed,"Hiram Grimes, Francis W. Grimes, and William H. McKee","Jan. 18, 1858","35,446.00",107,,https://digicoll.lib.berkeley.edu/record/265497,https://ranchos.archivesofcalifornia.com/r/rancho-pescadero-1.html,yes,sole
rancho-cachil-dehe-rancheria,Jimeno Rancho,1844,micheltorena,Micheltorena,Manuel Jimeno,48854,,,ND 023,Confirmed,Thomas C. Larkin and John S. Missroon,"July 18, 1862","48,854.26",22,18 How. 557,https://digicoll.lib.berkeley.edu/record/264412,https://ranchos.archivesofcalifornia.com/r/rancho-cachil-dehe-rancheria.html,yes,sole
pueblo-pueblo-san-jose,Pueblo Lands Of San Jose,1777,pueblo,Neve,Pueblo of San Jose,55892,,,ND 419,,the City of San Jos\u00e9,"June 4, 1884","55,891.77",179,,https://digicoll.lib.berkeley.edu/record/264265,https://ranchos.archivesofcalifornia.com/r/pueblo-pueblo-san-jose.html,yes,sole
pueblo-city-monterey,City Lands Of Monterey,1830,pueblo,,City of Monterey,29699,,,SD 382,,the City of Monterey,"Nov. 19, 1891","29,698.53",256,,https://digicoll.lib.berkeley.edu/record/269001,https://ranchos.archivesofcalifornia.com/r/pueblo-city-monterey.html,yes,share_of_grant
pueblo-pueblo-sonoma,Pueblo Lands Of Sonoma,1835,pueblo,Figueroa,Pueblo of Sonoma,6064,,,ND 423,,the City of Sonoma,"Mar. 31, 1880","6,063.95",68,,https://digicoll.lib.berkeley.edu/record/264267,https://ranchos.archivesofcalifornia.com/r/pueblo-pueblo-sonoma.html,yes,sole
pueblo-city-angeles,City Lands Of Los Angeles,1781,pueblo,Neve,Pueblo of Los Angeles,17172,,,SD 386,,"the City of Los Angeles Aug. 9, 1866, and","Aug. 4, 1875","17,172.37",427,,https://digicoll.lib.berkeley.edu/record/269005,https://ranchos.archivesofcalifornia.com/r/pueblo-city-angeles.html,yes,share_of_grant
pueblo-pueblo-santa-barbara,Pueblo Lands Of Santa Barbara,1834,pueblo,Figueroa,Pueblo of Santa Barbara,17826,,,SD 242,,the City of Santa Barbara,"May 31, 1872","17,826.17",386,,https://digicoll.lib.berkeley.edu/record/267583,https://ranchos.archivesofcalifornia.com/r/pueblo-pueblo-santa-barbara.html,yes,alternate_dating
pueblo-pueblo-san-diego,Pueblo Lands Of San Diego,1834,pueblo,Figueroa,"Pueblo of San Diego (City of San Diego, claimant)",47323,,,SD 390,,,,,526,,https://digicoll.lib.berkeley.edu/record/102020,https://ranchos.archivesofcalifornia.com/r/pueblo-pueblo-san-diego.html,yes,alternate_dating
mission-mission-dolores-bernal,Mission Dolores (Bernal),1834,mission,Figueroa,Jose C. Bernal,6,,,ND 165,,Carmen Sibrian de Bernal. et al,"June 13, 1882",5.86,158,,https://digicoll.lib.berkeley.edu/record/265525,https://ranchos.archivesofcalifornia.com/r/mission-mission-dolores-bernal.html,yes,sole
mission-near-san-juan-bautista,Near Mission San Juan Bautista (Castro),1839,mission,Castro,Mariano Castro,33,,,SD 350,,Rufina Castro,"Mar. 18, 1885",33.47,,,https://digicoll.lib.berkeley.edu/record/268972,https://ranchos.archivesofcalifornia.com/r/mission-near-san-juan-bautista.html,yes,sole
mission-mission-dolores-guerrero-y-palomares,Mission Dolores (Guerrero Y Palomares),1836,mission,Gutierrez,Francisco Guerroro y Palomares,28,,,ND 131,,the heirs of Francisco Guerrero y Palomares,"Apl. 1, 1870",28.41,160,,https://digicoll.lib.berkeley.edu/record/265491,https://ranchos.archivesofcalifornia.com/r/mission-mission-dolores-guerrero-y-palomares.html,yes,sole
mission-mission-santa-clara,Mission Santa Clara,1845,mission,Pico,Narciso Bennett,359,,,ND 361,,Mary S. Bennett,"July 19, 1871",358.51,189,,https://digicoll.lib.berkeley.edu/record/264198,https://ranchos.archivesofcalifornia.com/r/mission-mission-santa-clara.html,yes,sole
mission-san-juan-bautista,Mission San Juan Bautista,1846,mission,Pico,Jose Castro,401,,,SD 352,,Patrick Breen,"Jan. 22, 1877",401.25,248,,https://digicoll.lib.berkeley.edu/record/268974,https://ranchos.archivesofcalifornia.com/r/mission-san-juan-bautista.html,yes,sole
mission-santa-barbara,S Of Mission Santa Barbara,1846,mission,Pico,Richard S. Den,,,,SD 338,,,,,,,https://digicoll.lib.berkeley.edu/record/268961,https://ranchos.archivesofcalifornia.com/r/mission-santa-barbara.html,yes,sole
mission-vieja-purisima,La Mission Vieja De La Purisima,1845,mission,Pico,Joaquin and Jose Antonio Carrillo,4443,,,SD 061,,Joaquin and Jose A. Carrillo,"Nov. 7, 1873","4,413.60",376,,https://digicoll.lib.berkeley.edu/record/266096,https://ranchos.archivesofcalifornia.com/r/mission-vieja-purisima.html,yes,sole
mission-soledad,Ex Mission Soledad,1846,mission,Pico,Feliciano Soberanes,8900,,,SD 348,,Feliciano Soberanes,"May 18, 1874","8,899.82",294,,https://digicoll.lib.berkeley.edu/record/268970,https://ranchos.archivesofcalifornia.com/r/mission-soledad.html,yes,sole
mission-purisima,Mission Purisima,1845,mission,Pico,Juan Temple,14736,,,SD 389,,Jose Ramon Malo,"Oct. 12, 1882","14,735.76",372,,https://digicoll.lib.berkeley.edu/record/269008,https://ranchos.archivesofcalifornia.com/r/mission-purisima.html,yes,sole
mission-viejo-paz,Mission Viejo/La Paz,1845,mission,Pico,Agustin Olvera,46433,,,SD 250,,Juan Forster,"Aug. 6, 1866","46,432.65",496,,https://digicoll.lib.berkeley.edu/record/267591,https://ranchos.archivesofcalifornia.com/r/mission-viejo-paz.html,yes,sole
mission-san-diego,Mission San Diego,1846,mission,Pico,Santiago Arguello,58875,,,SD 347,,Santiago Arguello,"Sept. 1, 1876","58,875.38",532,,https://digicoll.lib.berkeley.edu/record/268969,https://ranchos.archivesofcalifornia.com/r/mission-san-diego.html,yes,sole
mission-san-buenaventura,Ex Mission San Buenaventura,1846,mission,Pico,Jose Arnas,48823,,,SD 318,,Manuel A. Rodriguez de Poli,"Aug. 24, 1874","48,822.91",396,,https://digicoll.lib.berkeley.edu/record/268942,https://ranchos.archivesofcalifornia.com/r/mission-san-buenaventura.html,yes,sole
mission-san-fernando,Ex Mission De San Fernando,1846,mission,Pico,E. de Celis,121619,,,SD 343,,Eulogio de Celis,"Jan. 8, 1873","116,858.46",410,,https://digicoll.lib.berkeley.edu/record/268965,https://ranchos.archivesofcalifornia.com/r/mission-san-fernando.html,yes,sole
presidio-diego,Presidio de San Diego,1769,presidio,,Spanish Crown,,,,,,,,,,,,https://ranchos.archivesofcalifornia.com/r/presidio-diego.html,yes,sole
presidio-monterey,Presidio de Monterey,1770,presidio,,Spanish Crown,,,,,,,,,,,,https://ranchos.archivesofcalifornia.com/r/presidio-monterey.html,yes,sole
presidio-francisco,Presidio de San Francisco,1776,presidio,,Spanish Crown,1491,,,,,,,,,,,https://ranchos.archivesofcalifornia.com/r/presidio-francisco.html,yes,sole
presidio-barbara,Presidio de Santa Bárbara,1782,presidio,,Spanish Crown,,,,,,,,,,,,https://ranchos.archivesofcalifornia.com/r/presidio-barbara.html,yes,sole
pueblo-branciforte,Villa de Branciforte (Santa Cruz),1797,pueblo,Borica,Villa de Branciforte,,,Santa Cruz,,,,,,,,,https://ranchos.archivesofcalifornia.com/r/pueblo-branciforte.html,yes,sole
rancho-suscol,Suscol,1843,micheltorena,Micheltorena,Mariano G. Vallejo,84000,,Solano,ND 318,Rejected,,,,,,https://digicoll.lib.berkeley.edu/record/256647,https://ranchos.archivesofcalifornia.com/r/rancho-suscol.html,yes,sole
rancho-mare-island,Mare Island (Isla de la Yegua),1840,alvarado,Jimeno; Alvarado,Victor Castro,1600,,Solano,ND 311,Confirmed,,,,,,https://digicoll.lib.berkeley.edu/record/256640,https://ranchos.archivesofcalifornia.com/r/rancho-mare-island.html,yes,sole
rancho-yerba-buena-island,Yerba Buena Island (Goat Island),1838,alvarado,Alvarado,Juan Jose Castro,150,,San Francisco,ND 299,Rejected,,,,,,https://digicoll.lib.berkeley.edu/record/256628,https://ranchos.archivesofcalifornia.com/r/rancho-yerba-buena-island.html,yes,sole
u-1,"preemption claim, 50 by 180 feet, Mission Dolores",,unattributed,,,,,San Francisco,N.D. 219,Rejected,,,,,,https://digicoll.lib.berkeley.edu/record/265811,,no,sole
u-2,200 square yards (Mission Dolores),,unattributed,Mariano Castro,Toribio Fanfuran,,,San Francisco,ND 391,Rejected,,,,,,https://digicoll.lib.berkeley.edu/record/264240,,no,sole
u-3,Llano del Abrevadero,1822,spanish,P. V. de Sola,Jose Higuera,,,Santa Clara,N.D. 203,Rejected,,,,,,https://digicoll.lib.berkeley.edu/record/265796,,no,sole
u-4,addition to Santa Ana del Chino,1843,micheltorena,Manuel Micheltorena,I. Williams,,,San Bernardino,SD 335,Confirmed,,"Apr. 29, 1869",,478,,https://digicoll.lib.berkeley.edu/record/268958,,no,sole
u-5,addition to San Miguelito,1846,pico,Pio Pico,Miguel Abila,,,San Luis Obispo,SD 38,Confirmed,,,,,,https://digicoll.lib.berkeley.edu/record/256662,,no,sole
u-6,Agua Caliente or Valle de San Jose,1840,alvarado,Juan B. Alvarado,Jose Antonio Pico,26629,,San Diego,SD 218,Confirmed,,,,,,,,no,sole
u-7,Ojo de Agua,1844,micheltorena,Manuel Micheltorena,Jose Y. Limantour,,,,ND 307,Rejected,,,,,,https://digicoll.lib.berkeley.edu/record/256636,,no,sole
u-8,Aguajito,1837,alvarado,Juan B. Alvarado,M. Villagran,,,Santa Cruz,SD 282,Confirmed,,,,,,https://digicoll.lib.berkeley.edu/record/268909,,no,sole
u-9,Aguas Nieves,1844,micheltorena,Manuel Micheltorena,Samuel J. Hensley,,,Butte,ND 33,Confirmed,,,,,20 Howard 261,https://digicoll.lib.berkeley.edu/record/264420,,no,sole
u-10,El Alamo Pintado,1843,micheltorena,Manuel Micheltorena,Marcelino,,,Santa Barbara,SD 212,Rejected,,,,,,https://digicoll.lib.berkeley.edu/record/267556,,no,sole
u-11,Rincon del Alisal,,unattributed,Jose Maria del Ray (priest),Santos and Sons,,,Santa Clara,ND 202,Rejected,,,,,,https://digicoll.lib.berkeley.edu/record/267518,,no,sole
u-12,"quicksilver mine New Almaden, formerly called Santa Clara",1846,pico,President of Mexico,Andres Castillero,,,Santa Clara,ND 420,Confirmed,,,,,,https://digicoll.lib.berkeley.edu/record/264383,,no,sole
u-13,Santa Ana y Santa Anita,1836,interim,Nicolas Gutierrez,Luis del Castillo Negrete,,,San Joaquin,S.D. 315,Rejected,,,,,,https://digicoll.lib.berkeley.edu/record/268940,,no,sole
u-14,Pueblo de los Angeles,1781,spanish,,Pueblo de los Angeles,17172,,,SD 386,Confirmed,"the City of Los Angeles Aug. 9, 1866, and","Aug. 4, 1875","17,172.37",427,,https://digicoll.lib.berkeley.edu/record/269005,,no,share_of_grant
u-15,"Posolomi, including El Posito de las Animas",1844,micheltorena,Juan B. Alvarado and Manuel Micheltorena,Lope Inigo,3391,,Santa Clara,N.D. 410,Confirmed,,"Jan. 18, 1881",,145,,https://digicoll.lib.berkeley.edu/record/264257,,no,sole
u-16,Rio de las Animas,1846,pico,Pio Pico,Leonardo Cota and Julian Chaves,,,Los Angeles,SD 176,Rejected,,,,,,https://digicoll.lib.berkeley.edu/record/266134,,no,sole
u-17,Arastradero,1844,micheltorena,Manuel Rodriguez,Alberto F. Morris,,,Santa Cruz,ND 264,Rejected,,,,,,https://digicoll.lib.berkeley.edu/record/256596,,no,sole
u-18,Arias Rancho,1839,alvarado,Jose Castro,Francisco Arias,,,Monterey,SD 379,Rejected,,,,,,https://digicoll.lib.berkeley.edu/record/268998,,no,sole
u-19,lands previously assigned to the pueblo,1830,echeandia,,,,,,SD 382,Confirmed,the City of Monterey,"Nov. 19, 1891","29,698.53",256,,https://digicoll.lib.berkeley.edu/record/269001,,no,share_of_grant
u-20,Rincon de la Ballena,1839,alvarado,Juan B. Alvarado,Jose Cornelio Bernar,,,Santa Cruz,ND 229,Rejected,,,,,,https://digicoll.lib.berkeley.edu/record/256563,,no,sole
u-21,Pueblo of Santa Barbara,1782,spanish,,Pueblo of Santa Barbara,,,Santa Barbara,SD 242,Confirmed,the City of Santa Barbara,"May 31, 1872","17,826.17",386,,https://digicoll.lib.berkeley.edu/record/267583,,no,alternate_dating
u-22,Tomales and Baulinas,1836,interim,Nicolas Gutierrez,Rafael Garcia,8863,,Marin,N.D. 68,Confirmed,,,,38,,https://digicoll.lib.berkeley.edu/record/264452,,no,sole
u-23,Orchard of San Juan Bautista,1846,pico,Pio Pico,Oliver Deleisiguez,,,Monterey,SD 385,REJECTED,,,,,,https://digicoll.lib.berkeley.edu/record/269004,,no,sole
u-24,El Primer Canon or Rio de los Berendos,1844,micheltorena,Manuel Micheltorena,F. Dye,26637,,Tehama,N.D. 12,Confirmed,,"Feb. 28, 1871",,2,,https://digicoll.lib.berkeley.edu/record/264404,,no,sole
u-25,San Justo el Viejo and San Bernabe,1836,interim,Nicolas Gutierrez,Rafael Gonzalez,,,Monterey,S.D. 375,Rejected,,,,,,https://digicoll.lib.berkeley.edu/record/268995,,no,sole
u-26,Bnacocha,1846,pico,Pio Pico,M. T. Peralta,,,Marin,ND 314,Rejected,,,,,,https://digicoll.lib.berkeley.edu/record/256643,,no,sole
u-27,Flugge Ranch or Boga,1844,micheltorena,Manuel Micheltorena,Charles William Flugge,22150,,Butte,N.D. 358,Confirmed,,"Oct. 5, 1865",,18,,https://digicoll.lib.berkeley.edu/record/264195,,no,sole
u-28,Bolsa de Tomales,1845,pico,Pio Pico,Juan N. Padilla,,,Marin,ND 121,Confirmed,,,,,22 Howard 87,https://digicoll.lib.berkeley.edu/record/265481,,no,sole
u-29,Bolsas del Potrero y Moro Cojo or La Sagrada Familia,1822,spanish,P. V. de Sola,Jose Joaquin de la Torre,6915,,Monterey,S.D. 7,Confirmed,,"Dec. 19, 1859",,254,,https://digicoll.lib.berkeley.edu/record/266048,,no,sole
u-30,Rancho del Refugio or Pastoria de las Borregas,1842,alvarado,Juan B. Alvarado,Francisco Estrada,,,Santa Clara,N.D. 97,Confirmed,,"Dec. 15, 1865",,144,,https://digicoll.lib.berkeley.edu/record/265458,,no,sole
u-31,Briesgau,1844,micheltorena,Manuel Micheltorena,Wm. Bennitz,,,Shasta,ND 194,Rejected,,,,,23 How. 255,https://digicoll.lib.berkeley.edu/record/265788,,no,sole
u-32,Yerba Buena or Socayre,1833,figueroa,Jose Figueroa,A. Chaboya,24342,,Santa Clara,N.D. 213,Confirmed,,,,183,,https://digicoll.lib.berkeley.edu/record/265805,,no,sole
u-33,Buenavista,1822,echeandia,L. A. Arguello,Jose Santiago Estrada and brothers,7725,,Monterey,S.D. 204,Confirmed,Jose Santiago Estrada (patent issued via his attorney Mariano Malarín),"Sept. 15, 1869","7,725.56",274,,https://digicoll.lib.berkeley.edu/record/267548,,no,sole
u-34,Llano de Buenavista,1823,echeandia,Luis Antonio Arguello,Jose Mariano Estrada,8446,,Monterey,S.D. 151,Confirmed,,"Jan. 4, 1860",,266,,https://digicoll.lib.berkeley.edu/record/266111,,no,sole
u-35,Cahuenga,1843,micheltorena,Manuel Micheltorena,Jose Miguel Triunfo,,,Los Angeles,S.D. 50,Patented,David W. Alexander,"Aug. 2, 1872",,425,,https://digicoll.lib.berkeley.edu/record/266087,,no,sole
u-36,Cahuenga,1846,pico,Jose Castro,Luis Arenas,,,Los Angeles,SD 225,Rejected,,,,,,https://digicoll.lib.berkeley.edu/record/267566,,no,sole
u-37,Cajon de Muscupiabe,1839,alvarado,Juan B. Alvarado,J. Bandini,,,Los Angeles,SD 378,Rejected,,,,,,https://digicoll.lib.berkeley.edu/record/268997,,no,sole
u-38,Cajon de los Negros,1846,pico,Pio Pico,Ygnacio Coronel,,,Los Angeles,SD 229,Rejected,,,,,,https://digicoll.lib.berkeley.edu/record/267570,,no,sole
u-39,Cajuenga,1845,micheltorena,Manuel Micheltorena,Jose Y. Limantour,,,Los Angeles,SD 321,Rejected,,,,,,https://digicoll.lib.berkeley.edu/record/267617,,no,sole
u-40,Las Calaveras,1846,pico,Pio Pico,F. Pico,,,,ND 399,Rejected,,,,,23 Howard 321,https://digicoll.lib.berkeley.edu/record/264246,,no,sole
u-41,"the California Missions and land (21 Missions, incl. Canada de los Pinos/College Rancho, La Laguna, Two Gardens)",,unattributed,,,,,various,ND/SD 425,Confirmed,,,,,,,,no,sole
u-42,Laguna de Santos Calle,1845,pico,Pio Pico,Victor Prudon and Marcos Baca,,,Yolo,ND 411,Rejected,,,,,,https://digicoll.lib.berkeley.edu/record/264258,,no,sole
u-43,Arroyo de los Calsoncillos,1843,micheltorena,Manuel Micheltorena,J. M. Castanares,,,Santa Clara,SD 319,Rejected,,,,,,https://digicoll.lib.berkeley.edu/record/268943,,no,sole
u-44,Camajal y El Palomar,1846,pico,Pio Pico,Juan J. Warner,,,San Diego,S.D. 358,Rejected,,,,,,https://digicoll.lib.berkeley.edu/record/268980,,no,sole
u-45,San Juan Capistrano del Camote,1846,pico,Pio Pico,T. Herrera and G. Quintana,,,San Luis Obispo,S.D. 260,Rejected,,,,,,https://digicoll.lib.berkeley.edu/record/267601,,no,sole
u-46,Camulos,1843,micheltorena,Manuel Micheltorena,Pedro C. Carrillo,,,Santa Barbara,S.D. 239,Rejected,,,,,,https://digicoll.lib.berkeley.edu/record/267580,,no,sole
u-47,Mission of San Juan Capistrano,1845,pico,Pio Pico,J. Foster,,,Los Angeles,SD 363,Confirmed,,,,,,https://digicoll.lib.berkeley.edu/record/268985,,no,sole
u-48,Mission of San Juan Capistrano,1845,pico,Pio Pico,J. Foster and J. McKinley,,,Los Angeles,SD 180,Rejected,,,,,,https://digicoll.lib.berkeley.edu/record/266136,,no,sole
u-49,Carmel,1846,pico,Pio Pico,William Knight,,,,N.D. 166,Confirmed,,,,157,,https://digicoll.lib.berkeley.edu/record/265526,,no,sole
u-50,Rosa de Castillo,1831,echeandia,Manuel Victoria,Juan Ballestero,,,Los Angeles,SD 309,Rejected,,,,,,https://digicoll.lib.berkeley.edu/record/268935,,no,sole
u-51,Garden of San Cayetano,1845,pico,Pio Pico,Juan B. Alvarado,,,Santa Clara,ND 414,Rejected,,,,,,https://digicoll.lib.berkeley.edu/record/264261,,no,sole
u-52,Cazadores,1844,micheltorena,Manuel Micheltorena,Ernesto Rufus,,,Sacramento,N.D. 376,Rejected,,,,,23 Howard 476,https://digicoll.lib.berkeley.edu/record/264227,,no,sole
u-53,Cholam,1844,micheltorena,Manuel Micheltorena,Mauricio Gonzalez,26627,,San Luis Obispo,S.D. 71,Confirmed,,"Apr. 1, 1865",,314,,https://digicoll.lib.berkeley.edu/record/265821,,no,sole
u-54,La Cienega,1846,pico,Pio Pico,A. Olvera and Narciso Botello,,,Los Angeles,SD 165,Rejected,,,,,,https://digicoll.lib.berkeley.edu/record/266124,,no,sole
u-55,La Cienega or Paso de la Tigera,1843,micheltorena,Manuel Micheltorena,Vicente Sanchez,,,Los Angeles,S.D. 360,Confirmed,,,,,,https://digicoll.lib.berkeley.edu/record/268982,,no,sole
u-56,Cieneguita,1845,pico,Pio Pico,A. Carrillo,,,Santa Barbara,SD 20,Confirmed,,,,,,https://digicoll.lib.berkeley.edu/record/266060,,no,sole
u-57,Santa Clara Mission lands,1846,pico,Jose Castro,J. de Arnas,,,,ND 196,Rejected,,,,,,https://digicoll.lib.berkeley.edu/record/265790,,no,sole
u-58,Orchard of Santa Clara,1846,pico,Pio Pico,"Benito Dias, Juan Castaneda and Luis Arenas",,,,ND 412,Rejected,,,,,,https://digicoll.lib.berkeley.edu/record/264259,,no,sole
u-59,Mission Santa Clara Orchard,1846,pico,Pio Pico,"Juan Castaneda, Luis Arenas and Benito Dias",,,Santa Clara,ND 402,Rejected,,,,,,https://digicoll.lib.berkeley.edu/record/264249,,no,sole
u-60,Rancho de Colus,1845,pico,Pio Pico,John Bidwell,8876,,Colusi,N.D. 28,Confirmed,,,,17,,https://digicoll.lib.berkeley.edu/record/264415,,no,sole
u-61,Los Coluses,1844,micheltorena,Manuel Micheltorena,Juan Daubenbiss,,,Colusi,ND 286,Rejected,,,,,21 How. 412,https://digicoll.lib.berkeley.edu/record/256617,,no,sole
u-62,Corral de Padilla,1836,interim,Nicolas Gutierrez,Baldomero,,,,SD 160,Rejected,,,,,,https://digicoll.lib.berkeley.edu/record/267528,,no,sole
u-63,Guadalupe Llanito de los Correos,1833,figueroa,Jose Figueroa,Juan Malarin,8858,,Monterey,S.D. 109,Confirmed,,,,273,,https://digicoll.lib.berkeley.edu/record/265850,,no,sole
u-64,one-half of Island Santa Cruz,1839,alvarado,Juan B. Alvarado,Andres Castilleros,,,Santa Barbara,SD 334,Rejected,,,,,,https://digicoll.lib.berkeley.edu/record/268957,,no,sole
u-65,Huerta de Quati or Cuati,1838,alvarado,Juan B. Alvarado,V. Reid,128,,Los Angeles,S.D. 171,Confirmed,,,,421,,https://digicoll.lib.berkeley.edu/record/266129,,no,sole
u-66,Canada de San Miguelito and Canada del Diablo,1846,pico,Pio Pico,Ramon Rodriguez,8877,,Santa Barbara,S.D. 57,Confirmed,,"June 15, 1871",,391,,https://digicoll.lib.berkeley.edu/record/266094,,no,sole
u-67,Pueblo of San Diego,1769,spanish,,Pueblo of San Diego,48556,,,SD 390,Confirmed,,,,526,,https://digicoll.lib.berkeley.edu/record/102020,,no,alternate_dating
u-68,"37 50-vara lots, Mission Dolores",1846,pico,Pio Pico,Prudencio Santillan,,,San Francisco,ND 200,Rejected,,,,,,https://digicoll.lib.berkeley.edu/record/265794,,no,sole
u-69,"47 50-vara lots, Mission Dolores",,unattributed,,,,,San Francisco,ND 201,Rejected,,,,,,https://digicoll.lib.berkeley.edu/record/265795,,no,sole
u-70,Encino,1845,pico,Pio Pico,"Ramon, Francisco and Roque",,,Los Angeles,ND 292,Confirmed,,,,,,,,no,sole
u-71,Loma del Espiritu Santo,1839,alvarado,Juan B. Alvarado,Maria del Espiritu Santo Carrillo,,,Monterey,SD 234,Rejected,,,,,,https://digicoll.lib.berkeley.edu/record/267575,,no,sole
u-72,San Felipe,1836,interim,Nicolas Gutierrez,F. D. Pacheco,,,Monterey,SD 78,Confirmed,,,,233,,https://digicoll.lib.berkeley.edu/record/265826,,no,sole
u-73,Nueva Flandria,1844,micheltorena,Manuel Micheltorena,G. Swat,,,,ND 272,Rejected,,,,,,https://digicoll.lib.berkeley.edu/record/256604,,no,sole
u-74,one-fourth league,1844,micheltorena,Miguel Muro (priest),Buenaventura et al. (Neophytes),,,Santa Clara,ND 290,Rejected,,,,,,https://digicoll.lib.berkeley.edu/record/256620,,no,sole
u-75,two 50-vara lots in San Francisco,1845,pico,Pio Pico,S. Smith,,,San Francisco,ND 284,Rejected,,,,,,https://digicoll.lib.berkeley.edu/record/256615,,no,sole
u-76,Potrero de San Francisco,1844,micheltorena,Manuel Micheltorena,Ramon Francisco de Haro,,,San Francisco,N.D. 381,Confirmed,,,,,,https://digicoll.lib.berkeley.edu/record/264232,,no,sole
u-77,Potrero de San Francisco,1844,micheltorena,Manuel Micheltorena,Ramon de Haro and Francisco de Haro,,,San Francisco,ND 381,Rejected — D.C. decree 19 Feb 1862 rejecting the claim,,,,,,,,no,sole
u-78,Pueblo of San Francisco,1833,figueroa,,Pueblo of San Francisco,,,,N.D. 427,Confirmed,,"June 20, 1884",,155,,https://digicoll.lib.berkeley.edu/record/264271,,no,sole
u-79,Panoche Grande,1844,micheltorena,Manuel Micheltorena,V. Gomez,,,San Joaquin,ND 278,Confirmed,,,,,23 Howard 326,,,no,sole
u-80,half of San Ramon or Las Juntas,1833,figueroa,Jose Figueroa,Bartolo Pacheco and Mariano Castro,,,Contra Costa,N.D. 322,Confirmed,,"Apr. 7, 1866",,116,,https://digicoll.lib.berkeley.edu/record/256649,,no,sole
u-81,one-half of Las Virgenes,1834,figueroa,Jose Figueroa,D. Carrillo et al,,,Los Angeles,S.D. 256,Rejected,,,,,,https://digicoll.lib.berkeley.edu/record/267597,,no,sole
u-82,surplus lands of New Helvetia,1845,micheltorena,Manuel Micheltorena,John A. Sutter,,,Yuba,,,,,,,,,,no,sole
u-83,Huerhuero or Huerfano,1842,pico,Juan B. Alvarado; Pio Pico,Mariano Bonilla,15684,,San Luis Obispo,S.D. 196,Confirmed,,"Aug. 9, 1866",,315,,https://digicoll.lib.berkeley.edu/record/267540,,no,sole
u-84,Las Huertas,1844,micheltorena,Manuel Micheltorena,"Francisco, Luis and Raymundo",,,Santa Barbara,SD 207,Rejected,,,,,,https://digicoll.lib.berkeley.edu/record/267551,,no,sole
u-85,"Mission Indian lands (Santa Clara; Las Gallinas, El Nacimiento, La Estrella; tracts near Mission Santa Ynes; one square league in each of the 21 Missions)",1844,micheltorena,Manuel Micheltorena,the Indians,,,various,ND/SD 422,Rejected,,,,,,,,no,sole
u-86,Mission of Santa Inez,1846,pico,Pio Pico,J. M. Covarrubias et al,,,Santa Barbara,SD 369,Rejected,,,,,,https://digicoll.lib.berkeley.edu/record/268990,,no,sole
u-87,San Isidro,1833,figueroa,Jose Figueroa,Quintin Ortega et al,4438,,Santa Clara,N.D. 216,Confirmed,,"Sept. 27, 1867",,228,,https://digicoll.lib.berkeley.edu/record/265808,,no,sole
u-88,Sobrante of Jacinto Viejo y Nuevo,1846,pico,Pio Pico,Maria del Rosario Estudillo de Aguirre,,,San Diego,S.D. 80,Confirmed,,,,486,,https://digicoll.lib.berkeley.edu/record/265828,,no,sole
u-89,San Jacinto,1842,alvarado,Manuel Jimeno,J. A. Estudillo,,,San Diego,S.D. 233,Confirmed,,"Jan. 17, 1880",,489,,https://digicoll.lib.berkeley.edu/record/267574,,no,sole
u-90,two-thirds of Jesus Maria,1837,alvarado,Juan B. Alvarado,Lucas Olivera et al,42184,,Santa Barbara,S.D. 268,Confirmed,,"Sept. 7, 1871",,356,,https://digicoll.lib.berkeley.edu/record/267609,,no,sole
u-91,Jimeno Rancho,1844,micheltorena,Manuel Micheltorena,Manuel Jimeno,48854,,Colusi,N.D. 23,Confirmed,,,,22,18 Howard 557,https://digicoll.lib.berkeley.edu/record/264412,,no,sole
u-92,Pueblo of San Jose,1777,spanish,Felipe de Neve,Pueblo of San Jose,,,,N.D. 419,Confirmed,,,,179,,https://digicoll.lib.berkeley.edu/record/264265,,no,sole
u-93,3 suertes in San Jose,1785,spanish,authority of the King of Spain,Mazario Laez,,,Santa Clara,ND 254,Rejected,,,,,,https://digicoll.lib.berkeley.edu/record/256586,,no,sole
u-94,Larkin's Rancho,1844,micheltorena,Manuel Micheltorena,F. Larkin et al,44364,,Colusi,N.D. 115,Confirmed,,,,16,,https://digicoll.lib.berkeley.edu/record/265475,,no,sole
u-95,Punta de Lobos,1846,pico,Pio Pico,Benito Diaz,,,San Francisco,N.D. 394,Rejected,,,,,24 Howard 125,https://digicoll.lib.berkeley.edu/record/264466,,no,sole
u-96,Locoyollome,1845,micheltorena,Jose de los Santos Berreyesa (first Alcalde of the District of Sonoma),John Rainsford,,,Napa,ND 267,Rejected,,,,,,https://digicoll.lib.berkeley.edu/record/256599,,no,sole
u-97,San Luis Rey and Pala,1846,pico,Pio Pico,Antonio Jose Scott and Jose Antonio Pico,,,San Diego,SD 339,Confirmed,,,,,,https://digicoll.lib.berkeley.edu/record/268962,,no,sole
u-98,Lup Yomi,1844,micheltorena,Manuel Micheltorena,Salvador Vallejo et al,,,Napa,N.D. 8,Rejected,,,,,22 Howard 392,https://digicoll.lib.berkeley.edu/record/264401,,no,sole
u-99,Lupyomi,1844,micheltorena,Manuel Micheltorena,Jose Y. Limantour,,,,ND 317,Rejected,,,,,,https://digicoll.lib.berkeley.edu/record/256646,,no,sole
u-101,portion of Mallacomes or Moristal (No. 58),1843,micheltorena,Manuel Micheltorena,Jose de los Santos Berreyesa,8328,,Sonoma,ND 150,Confirmed,,"Sept. 5, 1872",,403,,https://digicoll.lib.berkeley.edu/record/265510,,no,sole
u-102,Matzultaquea,1845,pico,Pio Pico,Ramon Carrillo,,,Los Angeles,,,,,,,,,,no,sole
u-103,Medano,1839,alvarado,Juan B. Alvarado,Jose Antonio and Jose Maria Meza,,,Contra Costa,ND 291,Rejected,,,,,,https://digicoll.lib.berkeley.edu/record/256621,,no,sole
u-104,Melyo,1833,figueroa,Jose Figueroa,S. E. Arguello,,,San Diego,SD 91,Rejected,,,,,,https://digicoll.lib.berkeley.edu/record/266104,,no,sole
u-105,San Miguelito de Trinidad,1841,alvarado,Juan B. Alvarado,Jose Rafael Gonzalez,22135,,Monterey,ND 18,Confirmed,,,,,,,,no,sole
u-106,Rincon de la Puenta del Monte,1836,interim,Gutierrez,T. Gonzales,15218,,Monterey,S.D. 101,Confirmed,,,,272,,https://digicoll.lib.berkeley.edu/record/265844,,no,sole
u-107,Moquelamo,1846,pico,Pio Pico,A. Pico,,,Calaveras,ND 184,Rejected,,,,,22 How. 406,https://digicoll.lib.berkeley.edu/record/265543,,no,sole
u-108,Nemshas,1844,micheltorena,Manuel Micheltorena,Teodoro Sicard,,,,ND 302,Rejected,,,,,24 Howard 151,https://digicoll.lib.berkeley.edu/record/256631,,no,sole
u-109,Nicasia,1844,micheltorena,Manuel Micheltorena,Pablo de la Guerra and Juan Cooper,56621,,Marin,N.D. 392,Confirmed,,"Nov. 1, 1861",,32,,https://digicoll.lib.berkeley.edu/record/264241,,no,sole
u-110,Ojay,1837,alvarado,Juan B. Alvarado,F. Tico,17792,,Santa Barbara,S.D. 168,Confirmed,,,,389,,https://digicoll.lib.berkeley.edu/record/266126,,no,sole
u-111,one-sixth of San Pedro,1822,spanish,P. V. de Sola,Cristobal Dominguez,,,Los Angeles,S.D. 313,Rejected,,,,,,https://digicoll.lib.berkeley.edu/record/268938,,no,sole
u-112,Canada de los Osos,1844,micheltorena,Manuel Micheltorena,M. Castro,,,Monterey,ND 191,Rejected,,,,,,,,no,sole
u-113,El Pajaro,1843,micheltorena,Jose R. Estrada,J. M. Borgas,,,Monterey,SD 291,Rejected,,,,,,https://digicoll.lib.berkeley.edu/record/268918,,no,sole
u-114,Canada de los Pinacates,1835,figueroa,Jose Castro,Jose Cruz and Jose Maria Cruz,,,Los Angeles,SD 270,Rejected,,,,,,https://digicoll.lib.berkeley.edu/record/267611,,no,sole
u-115,Point Pinos,1833,figueroa,Jose Figueroa,Jose Maria Armenta,,,Monterey,SD 380,Rejected,,,,,,https://digicoll.lib.berkeley.edu/record/268999,,no,sole
u-116,Rio de las Plumas (in Jimeno's Index),1844,micheltorena,Manuel Micheltorena,Charles W. Flugge,,,Butte,ND 259,Rejected,,,,,,https://digicoll.lib.berkeley.edu/record/256591,,no,sole
u-117,Potrero,1843,micheltorena,Manuel Micheltorena,J. M. Fuentes,,,Santa Clara,N.D. 209,Rejected,,,,,22 Howard 443,https://digicoll.lib.berkeley.edu/record/265802,,no,sole
u-118,Pueblo of Sonoma,1835,figueroa,M. G. Vallejo,Pueblo of Sonoma,,,,N.D. 423,Confirmed,,,,68,,https://digicoll.lib.berkeley.edu/record/264267,,no,sole
u-119,Quien Sabe,1836,interim,Nicolas Gutierrez,F. C. Negrete,,,San Joaquin,SD 370,Rejected,,,,,,https://digicoll.lib.berkeley.edu/record/268991,,no,sole
u-120,Sansal Redondo,1837,alvarado,Juan B. Alvarado,A. Y. Abila,,,Los Angeles,S.D. 354,Confirmed,,"Mar. 22, 1875",,438,,https://digicoll.lib.berkeley.edu/record/268976,,no,sole
u-121,Island of Sacramento,1845,alvarado,Juan B. Alvarado,Roberto Elwell,,,,N.D. 270,Rejected,,,,,23 Howard 312,https://digicoll.lib.berkeley.edu/record/256602,,no,sole
u-122,Sacramento,1846,pico,Pio Pico,M. Diaz,,,Colusi,ND 188,Rejected,,,,,,https://digicoll.lib.berkeley.edu/record/265784,,no,sole
u-123,Island of Sacramento,1844,micheltorena,Manuel Micheltorena,Victor Prudon,,,,ND 193,Rejected,,,,,,https://digicoll.lib.berkeley.edu/record/265787,,no,sole
u-124,Sayente,1833,figueroa,Jose Figueroa,Joaquin Buelna,,,Santa Cruz,ND 309,Rejected,,,,,,https://digicoll.lib.berkeley.edu/record/256638,,no,sole
u-125,Sierra de los Verdugos,1846,pico,Pio Pico,A. Coronel,,,Los Angeles,SD 163,Rejected,,,,,,https://digicoll.lib.berkeley.edu/record/266122,,no,sole
u-126,Socayac,1844,micheltorena,Manuel Micheltorena,John Chamberlain,,,,N.D. 348,Rejected,,,,,23 Howard 476,https://digicoll.lib.berkeley.edu/record/264185,,no,sole
u-127,3 suertes,1843,micheltorena,Jose R. Estrada (Prefect of the First District),Jose C. Boronda,,,Monterey,SD 377,Rejected,,,,,,https://digicoll.lib.berkeley.edu/record/268996,,no,sole
u-128,Town of Sutter,,unattributed,,,,,Sacramento,ND 369,Rejected,,,,,,https://digicoll.lib.berkeley.edu/record/264205,,no,sole
u-129,Temalpais or Tamalpais,1845,pico,Pio Pico,H. Sanchez,,,Marin,N.D. 185,Rejected,,,,,,https://digicoll.lib.berkeley.edu/record/265544,,no,sole
u-130,Tinicasia,1841,alvarado,M. G. Vallejo,San Rafael tribe of Indians,,,Marin,ND 210,Rejected,,,,,,https://digicoll.lib.berkeley.edu/record/267519,,no,sole
u-131,unnamed tract (10 by 2 leagues),1844,micheltorena,Manuel Micheltorena,Jose Antonio Galindo,,,Mendocino,N.D. 408,Confirmed,,,,,,https://digicoll.lib.berkeley.edu/record/264255,,no,sole
u-132,unnamed tract (4 square leagues),1846,pico,Pio Pico,Dionisio and Maximo Fernandez,17805,,Butte,N.D. 377,Confirmed,,,,15,,https://digicoll.lib.berkeley.edu/record/264228,,no,sole
u-133,unnamed tract (9 square leagues),1844,micheltorena,Manuel Micheltorena,Rafael Garcia,,,Mendocino,N.D. 96,Rejected,,,,,22 Howard 274,https://digicoll.lib.berkeley.edu/record/265457,,no,sole
u-134,Valle de las Viejas,1846,pico,Pio Pico,Ramon Asuna et al,,,San Diego,S.D. 249,Rejected,,,,,,https://digicoll.lib.berkeley.edu/record/267590,,no,sole
u-135,La Vena,1842,alvarado,Juan B. Alvarado,F. E. Quintana,,,San Luis Obispo,S.D. 292,Rejected,,,,,,https://digicoll.lib.berkeley.edu/record/268919,,no,sole
u-136,Willy,1844,micheltorena,Manuel Micheltorena and J. A. Sutter,Michael C. Nye,,,,ND 268,Rejected,,,,,21 Howard 408,https://digicoll.lib.berkeley.edu/record/256600,,no,sole
u-137,Yucuy,1846,pico,Jose de los Santos Berreyesa,J. J. Berreyesa,,,,ND 279,Rejected,,,,,,https://digicoll.lib.berkeley.edu/record/256610,,no,sole
u-138,Yulupa,1844,micheltorena,Manuel Micheltorena,Miguel Alvarado,,,Sonoma,N.D. 140,Rejected,,,,,22 Howard 416,https://digicoll.lib.berkeley.edu/record/265500,,no,sole
